SET DEFINE OFF
/*
||============================================================================
|| Application: PowerPlant
|| File Name:   maint_011085_03_import_config.sql
||============================================================================
|| Copyright (C) 2012 by PowerPlan Consultants, Inc. All Rights Reserved.
||============================================================================
|| Version    Date       Revised By     Reason for Change
|| ---------- ---------- -------------- --------------------------------------
|| 10.4.0.0   12/07/2012 Colin Lee      Point Release
||============================================================================
*/

--
-- Create Subsystem
--
insert into PP_IMPORT_SUBSYSTEM
   (IMPORT_SUBSYSTEM_ID, TIME_STAMP, USER_ID, DESCRIPTION, LONG_DESCRIPTION)
values
   (3, sysdate, user, 'Depreciation', 'Depreciation');
insert into PP_IMPORT_SUBSYSTEM
   (IMPORT_SUBSYSTEM_ID, DESCRIPTION, LONG_DESCRIPTION, TIME_STAMP, USER_ID)
values
   (4, 'CPR', 'CPR - Asset', sysdate, user);

--
-- Create Import Type
--
insert into PWRPLANT.PP_IMPORT_TYPE
   (IMPORT_TYPE_ID, TIME_STAMP, USER_ID, DESCRIPTION, LONG_DESCRIPTION, IMPORT_TABLE_NAME,
    ARCHIVE_TABLE_NAME, PP_REPORT_FILTER_ID, ALLOW_UPDATES_ON_ADD, DELEGATE_OBJECT_NAME)
values
   (50, sysdate, user, 'Depreciation Ledger History', 'Import Depreciation Ledger History',
    'depr_ledger_import_stg', 'depr_ledger_import_stg_arc', null, 1, 'uo_ppdepr_logic_import');

insert into PWRPLANT.PP_IMPORT_TYPE
   (IMPORT_TYPE_ID, TIME_STAMP, USER_ID, DESCRIPTION, LONG_DESCRIPTION, IMPORT_TABLE_NAME,
    ARCHIVE_TABLE_NAME, PP_REPORT_FILTER_ID, ALLOW_UPDATES_ON_ADD, DELEGATE_OBJECT_NAME)
values
   (51, sysdate, user, 'CPR Depreciation History', 'Import CPR Depreciation History',
    'depr_cpr_depr_import_stg', 'depr_cpr_depr_import_stg_arc', null, 1, 'uo_ppdepr_logic_import');

insert into PP_IMPORT_TYPE
   (IMPORT_TYPE_ID, TIME_STAMP, USER_ID, DESCRIPTION, LONG_DESCRIPTION, IMPORT_TABLE_NAME,
    ARCHIVE_TABLE_NAME, ALLOW_UPDATES_ON_ADD, DELEGATE_OBJECT_NAME)
values
   (52, sysdate, user, 'Depreciation Rates Import', 'Import Depreciation Rates',
    'depr_method_rates_import_stg', 'depr_method_rates_imp_stg_arc', 1,
    'uo_ppdepr_rate_logic_import');

insert into PP_IMPORT_TYPE
   (IMPORT_TYPE_ID, DESCRIPTION, LONG_DESCRIPTION, IMPORT_TABLE_NAME, ARCHIVE_TABLE_NAME,
    ALLOW_UPDATES_ON_ADD, DELEGATE_OBJECT_NAME, TIME_STAMP, USER_ID)
values
   (53, 'CPR New Assets History Loader', 'Import asset historical records into CPR subsystem',
    'cpr_ledger_act_import_stg', 'cpr_ledger_act_import_stg_arc', 1, 'uo_ppcpr_act_logic_import',
    sysdate, user);

insert into PP_IMPORT_TYPE
   (IMPORT_TYPE_ID, DESCRIPTION, LONG_DESCRIPTION, IMPORT_TABLE_NAME, ARCHIVE_TABLE_NAME,
    ALLOW_UPDATES_ON_ADD, DELEGATE_OBJECT_NAME, TIME_STAMP, USER_ID)
values
   (54, 'CPR Existing Assets Activity Loader', 'Import new activities for existing assets',
    'cpr_ledger_act_import_stg', 'cpr_ledger_act_import_stg_arc', 1, 'uo_ppcpr_act_logic_import',
    sysdate, user);

insert into PP_IMPORT_TYPE
   (IMPORT_TYPE_ID, DESCRIPTION, LONG_DESCRIPTION, IMPORT_TABLE_NAME, ARCHIVE_TABLE_NAME,
    ALLOW_UPDATES_ON_ADD, DELEGATE_OBJECT_NAME, TIME_STAMP, USER_ID)
values
   (55, 'CPR Class Code Loader', 'Import Class Code for existing assets',
    'cpr_class_code_import_stg', 'cpr_class_code_import_stg_arc', 1, 'uo_ppcpr_act_logic_import',
    sysdate, user);

--
-- Relate Import Type to Subsystem
--
insert into PP_IMPORT_TYPE_SUBSYSTEM (IMPORT_TYPE_ID, IMPORT_SUBSYSTEM_ID, TIME_STAMP, USER_ID) values (50, 3, sysdate, user);
insert into PP_IMPORT_TYPE_SUBSYSTEM (IMPORT_TYPE_ID, IMPORT_SUBSYSTEM_ID, TIME_STAMP, USER_ID) values (51, 3, sysdate, user);
insert into PP_IMPORT_TYPE_SUBSYSTEM (IMPORT_TYPE_ID, IMPORT_SUBSYSTEM_ID, TIME_STAMP, USER_ID) values (52, 3, sysdate, user);
insert into PP_IMPORT_TYPE_SUBSYSTEM (IMPORT_TYPE_ID, IMPORT_SUBSYSTEM_ID, TIME_STAMP, USER_ID) values (53, 4, sysdate, user);
insert into PP_IMPORT_TYPE_SUBSYSTEM (IMPORT_TYPE_ID, IMPORT_SUBSYSTEM_ID, TIME_STAMP, USER_ID) values (54, 4, sysdate, user);
insert into PP_IMPORT_TYPE_SUBSYSTEM (IMPORT_TYPE_ID, IMPORT_SUBSYSTEM_ID, TIME_STAMP, USER_ID) values (55, 4, sysdate, user);

--
-- Add Columns to Import Type
--
insert into PP_IMPORT_COLUMN (IMPORT_TYPE_ID, TIME_STAMP, USER_ID, COLUMN_NAME, DESCRIPTION, IMPORT_COLUMN_NAME, IS_REQUIRED, PROCESSING_ORDER, COLUMN_TYPE, PARENT_TABLE, ALLOW_AUTOCREATE) values (50, sysdate, user, 'set_of_books_id', 'Set of Books', 'set_of_books_id_xlate', 1, 1, 'number(22,0)', 'set_of_books', 0);
insert into PP_IMPORT_COLUMN (IMPORT_TYPE_ID, TIME_STAMP, USER_ID, COLUMN_NAME, DESCRIPTION, IMPORT_COLUMN_NAME, IS_REQUIRED, PROCESSING_ORDER, COLUMN_TYPE, PARENT_TABLE, ALLOW_AUTOCREATE) values (50, sysdate, user, 'depr_group_id', 'Depreciation Group', 'depr_group_id_xlate', 1, 2, 'number(22,0)', 'depr_group', 0);
insert into PP_IMPORT_COLUMN (IMPORT_TYPE_ID, TIME_STAMP, USER_ID, COLUMN_NAME, DESCRIPTION, IMPORT_COLUMN_NAME, IS_REQUIRED, PROCESSING_ORDER, COLUMN_TYPE, PARENT_TABLE, ALLOW_AUTOCREATE) values (50, sysdate, user, 'gl_post_mo_yr', 'Posting Month', NULL, 1, 1, 'monthnum', NULL, 0);
insert into PP_IMPORT_COLUMN (IMPORT_TYPE_ID, TIME_STAMP, USER_ID, COLUMN_NAME, DESCRIPTION, IMPORT_COLUMN_NAME, IS_REQUIRED, PROCESSING_ORDER, COLUMN_TYPE, PARENT_TABLE, ALLOW_AUTOCREATE) values (50, sysdate, user, 'depr_ledger_status', 'Depr Ledger Status', NULL, 0, 1, 'number(22,0)', NULL, 0);
insert into PP_IMPORT_COLUMN (IMPORT_TYPE_ID, TIME_STAMP, USER_ID, COLUMN_NAME, DESCRIPTION, IMPORT_COLUMN_NAME, IS_REQUIRED, PROCESSING_ORDER, COLUMN_TYPE, PARENT_TABLE, ALLOW_AUTOCREATE) values (50, sysdate, user, 'begin_reserve', 'Begin Reserve', NULL, 1, 1, 'number(22,2)', NULL, 0);
insert into PP_IMPORT_COLUMN (IMPORT_TYPE_ID, TIME_STAMP, USER_ID, COLUMN_NAME, DESCRIPTION, IMPORT_COLUMN_NAME, IS_REQUIRED, PROCESSING_ORDER, COLUMN_TYPE, PARENT_TABLE, ALLOW_AUTOCREATE) values (50, sysdate, user, 'end_reserve', 'End Reserve', NULL, 0, 1, 'number(22,2)', NULL, 0);
insert into PP_IMPORT_COLUMN (IMPORT_TYPE_ID, TIME_STAMP, USER_ID, COLUMN_NAME, DESCRIPTION, IMPORT_COLUMN_NAME, IS_REQUIRED, PROCESSING_ORDER, COLUMN_TYPE, PARENT_TABLE, ALLOW_AUTOCREATE) values (50, sysdate, user, 'reserve_bal_provision', 'Reserve Bal Provision', NULL, 0, 1, 'number(22,2)', NULL, 0);
insert into PP_IMPORT_COLUMN (IMPORT_TYPE_ID, TIME_STAMP, USER_ID, COLUMN_NAME, DESCRIPTION, IMPORT_COLUMN_NAME, IS_REQUIRED, PROCESSING_ORDER, COLUMN_TYPE, PARENT_TABLE, ALLOW_AUTOCREATE) values (50, sysdate, user, 'reserve_bal_cor', 'Reserve Bal Cor', NULL, 0, 1, 'number(22,2)', NULL, 0);
insert into PP_IMPORT_COLUMN (IMPORT_TYPE_ID, TIME_STAMP, USER_ID, COLUMN_NAME, DESCRIPTION, IMPORT_COLUMN_NAME, IS_REQUIRED, PROCESSING_ORDER, COLUMN_TYPE, PARENT_TABLE, ALLOW_AUTOCREATE) values (50, sysdate, user, 'salvage_balance', 'Salvage Balance', NULL, 0, 1, 'number(22,2)', NULL, 0);
insert into PP_IMPORT_COLUMN (IMPORT_TYPE_ID, TIME_STAMP, USER_ID, COLUMN_NAME, DESCRIPTION, IMPORT_COLUMN_NAME, IS_REQUIRED, PROCESSING_ORDER, COLUMN_TYPE, PARENT_TABLE, ALLOW_AUTOCREATE) values (50, sysdate, user, 'reserve_bal_adjust', 'Reserve Bal Adjust', NULL, 0, 1, 'number(22,2)', NULL, 0);
insert into PP_IMPORT_COLUMN (IMPORT_TYPE_ID, TIME_STAMP, USER_ID, COLUMN_NAME, DESCRIPTION, IMPORT_COLUMN_NAME, IS_REQUIRED, PROCESSING_ORDER, COLUMN_TYPE, PARENT_TABLE, ALLOW_AUTOCREATE) values (50, sysdate, user, 'reserve_bal_retirements', 'Reserve Bal Retirements', NULL, 0, 1, 'number(22,2)', NULL, 0);
insert into PP_IMPORT_COLUMN (IMPORT_TYPE_ID, TIME_STAMP, USER_ID, COLUMN_NAME, DESCRIPTION, IMPORT_COLUMN_NAME, IS_REQUIRED, PROCESSING_ORDER, COLUMN_TYPE, PARENT_TABLE, ALLOW_AUTOCREATE) values (50, sysdate, user, 'reserve_bal_tran_in', 'Reserve Bal Tran In', NULL, 0, 1, 'number(22,2)', NULL, 0);
insert into PP_IMPORT_COLUMN (IMPORT_TYPE_ID, TIME_STAMP, USER_ID, COLUMN_NAME, DESCRIPTION, IMPORT_COLUMN_NAME, IS_REQUIRED, PROCESSING_ORDER, COLUMN_TYPE, PARENT_TABLE, ALLOW_AUTOCREATE) values (50, sysdate, user, 'reserve_bal_tran_out', 'Reserve Bal Tran Out', NULL, 0, 1, 'number(22,2)', NULL, 0);
insert into PP_IMPORT_COLUMN (IMPORT_TYPE_ID, TIME_STAMP, USER_ID, COLUMN_NAME, DESCRIPTION, IMPORT_COLUMN_NAME, IS_REQUIRED, PROCESSING_ORDER, COLUMN_TYPE, PARENT_TABLE, ALLOW_AUTOCREATE) values (50, sysdate, user, 'reserve_bal_other_credits', 'Reserve Bal Other Credits', NULL, 0, 1, 'number(22,2)', NULL, 0);
insert into PP_IMPORT_COLUMN (IMPORT_TYPE_ID, TIME_STAMP, USER_ID, COLUMN_NAME, DESCRIPTION, IMPORT_COLUMN_NAME, IS_REQUIRED, PROCESSING_ORDER, COLUMN_TYPE, PARENT_TABLE, ALLOW_AUTOCREATE) values (50, sysdate, user, 'reserve_bal_gain_loss', 'Reserve Bal Gain Loss', NULL, 0, 1, 'number(22,2)', NULL, 0);
insert into PP_IMPORT_COLUMN (IMPORT_TYPE_ID, TIME_STAMP, USER_ID, COLUMN_NAME, DESCRIPTION, IMPORT_COLUMN_NAME, IS_REQUIRED, PROCESSING_ORDER, COLUMN_TYPE, PARENT_TABLE, ALLOW_AUTOCREATE) values (50, sysdate, user, 'reserve_alloc_factor', 'Reserve Alloc Factor', NULL, 0, 1, 'number(22,2)', NULL, 0);
insert into PP_IMPORT_COLUMN (IMPORT_TYPE_ID, TIME_STAMP, USER_ID, COLUMN_NAME, DESCRIPTION, IMPORT_COLUMN_NAME, IS_REQUIRED, PROCESSING_ORDER, COLUMN_TYPE, PARENT_TABLE, ALLOW_AUTOCREATE) values (50, sysdate, user, 'depreciation_base', 'Depreciation Base', NULL, 0, 1, 'number(22,2)', NULL, 0);
insert into PP_IMPORT_COLUMN (IMPORT_TYPE_ID, TIME_STAMP, USER_ID, COLUMN_NAME, DESCRIPTION, IMPORT_COLUMN_NAME, IS_REQUIRED, PROCESSING_ORDER, COLUMN_TYPE, PARENT_TABLE, ALLOW_AUTOCREATE) values (50, sysdate, user, 'depreciation_rate', 'Depreciation Rate', NULL, 0, 1, 'number(22,8)', NULL, 0);
insert into PP_IMPORT_COLUMN (IMPORT_TYPE_ID, TIME_STAMP, USER_ID, COLUMN_NAME, DESCRIPTION, IMPORT_COLUMN_NAME, IS_REQUIRED, PROCESSING_ORDER, COLUMN_TYPE, PARENT_TABLE, ALLOW_AUTOCREATE) values (50, sysdate, user, 'depreciation_expense', 'Depreciation Expense', NULL, 1, 1, 'number(22,2)', NULL, 0);
insert into PP_IMPORT_COLUMN (IMPORT_TYPE_ID, TIME_STAMP, USER_ID, COLUMN_NAME, DESCRIPTION, IMPORT_COLUMN_NAME, IS_REQUIRED, PROCESSING_ORDER, COLUMN_TYPE, PARENT_TABLE, ALLOW_AUTOCREATE) values (50, sysdate, user, 'depr_exp_adjust', 'Depr Exp Adjust', NULL, 0, 1, 'number(22,2)', NULL, 0);
insert into PP_IMPORT_COLUMN (IMPORT_TYPE_ID, TIME_STAMP, USER_ID, COLUMN_NAME, DESCRIPTION, IMPORT_COLUMN_NAME, IS_REQUIRED, PROCESSING_ORDER, COLUMN_TYPE, PARENT_TABLE, ALLOW_AUTOCREATE) values (50, sysdate, user, 'depr_exp_alloc_adjust', 'Depr Exp Alloc Adjust', NULL, 0, 1, 'number(22,2)', NULL, 0);
insert into PP_IMPORT_COLUMN (IMPORT_TYPE_ID, TIME_STAMP, USER_ID, COLUMN_NAME, DESCRIPTION, IMPORT_COLUMN_NAME, IS_REQUIRED, PROCESSING_ORDER, COLUMN_TYPE, PARENT_TABLE, ALLOW_AUTOCREATE) values (50, sysdate, user, 'cost_of_removal', 'Cost Of Removal', NULL, 0, 1, 'number(22,2)', NULL, 0);
insert into PP_IMPORT_COLUMN (IMPORT_TYPE_ID, TIME_STAMP, USER_ID, COLUMN_NAME, DESCRIPTION, IMPORT_COLUMN_NAME, IS_REQUIRED, PROCESSING_ORDER, COLUMN_TYPE, PARENT_TABLE, ALLOW_AUTOCREATE) values (50, sysdate, user, 'reserve_retirements', 'Reserve Retirements', NULL, 0, 1, 'number(22,2)', NULL, 0);
insert into PP_IMPORT_COLUMN (IMPORT_TYPE_ID, TIME_STAMP, USER_ID, COLUMN_NAME, DESCRIPTION, IMPORT_COLUMN_NAME, IS_REQUIRED, PROCESSING_ORDER, COLUMN_TYPE, PARENT_TABLE, ALLOW_AUTOCREATE) values (50, sysdate, user, 'salvage_returns', 'Salvage Returns', NULL, 0, 1, 'number(22,2)', NULL, 0);
insert into PP_IMPORT_COLUMN (IMPORT_TYPE_ID, TIME_STAMP, USER_ID, COLUMN_NAME, DESCRIPTION, IMPORT_COLUMN_NAME, IS_REQUIRED, PROCESSING_ORDER, COLUMN_TYPE, PARENT_TABLE, ALLOW_AUTOCREATE) values (50, sysdate, user, 'salvage_cash', 'Salvage Cash', NULL, 0, 1, 'number(22,2)', NULL, 0);
insert into PP_IMPORT_COLUMN (IMPORT_TYPE_ID, TIME_STAMP, USER_ID, COLUMN_NAME, DESCRIPTION, IMPORT_COLUMN_NAME, IS_REQUIRED, PROCESSING_ORDER, COLUMN_TYPE, PARENT_TABLE, ALLOW_AUTOCREATE) values (50, sysdate, user, 'reserve_credits', 'Reserve Credits', NULL, 0, 1, 'number(22,2)', NULL, 0);
insert into PP_IMPORT_COLUMN (IMPORT_TYPE_ID, TIME_STAMP, USER_ID, COLUMN_NAME, DESCRIPTION, IMPORT_COLUMN_NAME, IS_REQUIRED, PROCESSING_ORDER, COLUMN_TYPE, PARENT_TABLE, ALLOW_AUTOCREATE) values (50, sysdate, user, 'reserve_adjustments', 'Reserve Adjustments', NULL, 0, 1, 'number(22,2)', NULL, 0);
insert into PP_IMPORT_COLUMN (IMPORT_TYPE_ID, TIME_STAMP, USER_ID, COLUMN_NAME, DESCRIPTION, IMPORT_COLUMN_NAME, IS_REQUIRED, PROCESSING_ORDER, COLUMN_TYPE, PARENT_TABLE, ALLOW_AUTOCREATE) values (50, sysdate, user, 'reserve_tran_in', 'Reserve Tran In', NULL, 0, 1, 'number(22,2)', NULL, 0);
insert into PP_IMPORT_COLUMN (IMPORT_TYPE_ID, TIME_STAMP, USER_ID, COLUMN_NAME, DESCRIPTION, IMPORT_COLUMN_NAME, IS_REQUIRED, PROCESSING_ORDER, COLUMN_TYPE, PARENT_TABLE, ALLOW_AUTOCREATE) values (50, sysdate, user, 'reserve_tran_out', 'Reserve Tran Out', NULL, 0, 1, 'number(22,2)', NULL, 0);
insert into PP_IMPORT_COLUMN (IMPORT_TYPE_ID, TIME_STAMP, USER_ID, COLUMN_NAME, DESCRIPTION, IMPORT_COLUMN_NAME, IS_REQUIRED, PROCESSING_ORDER, COLUMN_TYPE, PARENT_TABLE, ALLOW_AUTOCREATE) values (50, sysdate, user, 'gain_loss', 'Gain Loss', NULL, 0, 1, 'number(22,2)', NULL, 0);
insert into PP_IMPORT_COLUMN (IMPORT_TYPE_ID, TIME_STAMP, USER_ID, COLUMN_NAME, DESCRIPTION, IMPORT_COLUMN_NAME, IS_REQUIRED, PROCESSING_ORDER, COLUMN_TYPE, PARENT_TABLE, ALLOW_AUTOCREATE) values (50, sysdate, user, 'vintage_net_salvage_amort', 'Vintage Net Salvage Amort', NULL, 0, 1, 'number(22,2)', NULL, 0);
insert into PP_IMPORT_COLUMN (IMPORT_TYPE_ID, TIME_STAMP, USER_ID, COLUMN_NAME, DESCRIPTION, IMPORT_COLUMN_NAME, IS_REQUIRED, PROCESSING_ORDER, COLUMN_TYPE, PARENT_TABLE, ALLOW_AUTOCREATE) values (50, sysdate, user, 'vintage_net_salvage_reserve', 'Vintage Net Salvage Reserve', NULL, 0, 1, 'number(22,2)', NULL, 0);
insert into PP_IMPORT_COLUMN (IMPORT_TYPE_ID, TIME_STAMP, USER_ID, COLUMN_NAME, DESCRIPTION, IMPORT_COLUMN_NAME, IS_REQUIRED, PROCESSING_ORDER, COLUMN_TYPE, PARENT_TABLE, ALLOW_AUTOCREATE) values (50, sysdate, user, 'current_net_salvage_amort', 'Current Net Salvage Amort', NULL, 0, 1, 'number(22,2)', NULL, 0);
insert into PP_IMPORT_COLUMN (IMPORT_TYPE_ID, TIME_STAMP, USER_ID, COLUMN_NAME, DESCRIPTION, IMPORT_COLUMN_NAME, IS_REQUIRED, PROCESSING_ORDER, COLUMN_TYPE, PARENT_TABLE, ALLOW_AUTOCREATE) values (50, sysdate, user, 'current_net_salvage_reserve', 'Current Net Salvage Reserve', NULL, 0, 1, 'number(22,2)', NULL, 0);
insert into PP_IMPORT_COLUMN (IMPORT_TYPE_ID, TIME_STAMP, USER_ID, COLUMN_NAME, DESCRIPTION, IMPORT_COLUMN_NAME, IS_REQUIRED, PROCESSING_ORDER, COLUMN_TYPE, PARENT_TABLE, ALLOW_AUTOCREATE) values (50, sysdate, user, 'impairment_reserve_beg', 'Impairment Reserve Beg', NULL, 0, 1, 'number(22,2)', NULL, 0);
insert into PP_IMPORT_COLUMN (IMPORT_TYPE_ID, TIME_STAMP, USER_ID, COLUMN_NAME, DESCRIPTION, IMPORT_COLUMN_NAME, IS_REQUIRED, PROCESSING_ORDER, COLUMN_TYPE, PARENT_TABLE, ALLOW_AUTOCREATE) values (50, sysdate, user, 'impairment_reserve_act', 'Impairment Reserve Act', NULL, 0, 1, 'number(22,2)', NULL, 0);
insert into PP_IMPORT_COLUMN (IMPORT_TYPE_ID, TIME_STAMP, USER_ID, COLUMN_NAME, DESCRIPTION, IMPORT_COLUMN_NAME, IS_REQUIRED, PROCESSING_ORDER, COLUMN_TYPE, PARENT_TABLE, ALLOW_AUTOCREATE) values (50, sysdate, user, 'impairment_reserve_end', 'Impairment Reserve End', NULL, 0, 1, 'number(22,2)', NULL, 0);
insert into PP_IMPORT_COLUMN (IMPORT_TYPE_ID, TIME_STAMP, USER_ID, COLUMN_NAME, DESCRIPTION, IMPORT_COLUMN_NAME, IS_REQUIRED, PROCESSING_ORDER, COLUMN_TYPE, PARENT_TABLE, ALLOW_AUTOCREATE) values (50, sysdate, user, 'est_ann_net_adds', 'Est Ann Net Adds', NULL, 0, 1, 'number(22,2)', NULL, 0);
insert into PP_IMPORT_COLUMN (IMPORT_TYPE_ID, TIME_STAMP, USER_ID, COLUMN_NAME, DESCRIPTION, IMPORT_COLUMN_NAME, IS_REQUIRED, PROCESSING_ORDER, COLUMN_TYPE, PARENT_TABLE, ALLOW_AUTOCREATE) values (50, sysdate, user, 'rwip_allocation', 'Rwip Allocation', NULL, 0, 1, 'number(22,2)', NULL, 0);
insert into PP_IMPORT_COLUMN (IMPORT_TYPE_ID, TIME_STAMP, USER_ID, COLUMN_NAME, DESCRIPTION, IMPORT_COLUMN_NAME, IS_REQUIRED, PROCESSING_ORDER, COLUMN_TYPE, PARENT_TABLE, ALLOW_AUTOCREATE) values (50, sysdate, user, 'cor_beg_reserve', 'Cor Beg Reserve', NULL, 0, 1, 'number(22,2)', NULL, 0);
insert into PP_IMPORT_COLUMN (IMPORT_TYPE_ID, TIME_STAMP, USER_ID, COLUMN_NAME, DESCRIPTION, IMPORT_COLUMN_NAME, IS_REQUIRED, PROCESSING_ORDER, COLUMN_TYPE, PARENT_TABLE, ALLOW_AUTOCREATE) values (50, sysdate, user, 'cor_expense', 'Cor Expense', NULL, 0, 1, 'number(22,2)', NULL, 0);
insert into PP_IMPORT_COLUMN (IMPORT_TYPE_ID, TIME_STAMP, USER_ID, COLUMN_NAME, DESCRIPTION, IMPORT_COLUMN_NAME, IS_REQUIRED, PROCESSING_ORDER, COLUMN_TYPE, PARENT_TABLE, ALLOW_AUTOCREATE) values (50, sysdate, user, 'cor_exp_adjust', 'Cor Exp Adjust', NULL, 0, 1, 'number(22,2)', NULL, 0);
insert into PP_IMPORT_COLUMN (IMPORT_TYPE_ID, TIME_STAMP, USER_ID, COLUMN_NAME, DESCRIPTION, IMPORT_COLUMN_NAME, IS_REQUIRED, PROCESSING_ORDER, COLUMN_TYPE, PARENT_TABLE, ALLOW_AUTOCREATE) values (50, sysdate, user, 'cor_exp_alloc_adjust', 'Cor Exp Alloc Adjust', NULL, 0, 1, 'number(22,2)', NULL, 0);
insert into PP_IMPORT_COLUMN (IMPORT_TYPE_ID, TIME_STAMP, USER_ID, COLUMN_NAME, DESCRIPTION, IMPORT_COLUMN_NAME, IS_REQUIRED, PROCESSING_ORDER, COLUMN_TYPE, PARENT_TABLE, ALLOW_AUTOCREATE) values (50, sysdate, user, 'cor_res_tran_in', 'Cor Res Tran In', NULL, 0, 1, 'number(22,2)', NULL, 0);
insert into PP_IMPORT_COLUMN (IMPORT_TYPE_ID, TIME_STAMP, USER_ID, COLUMN_NAME, DESCRIPTION, IMPORT_COLUMN_NAME, IS_REQUIRED, PROCESSING_ORDER, COLUMN_TYPE, PARENT_TABLE, ALLOW_AUTOCREATE) values (50, sysdate, user, 'cor_res_tran_out', 'Cor Res Tran Out', NULL, 0, 1, 'number(22,2)', NULL, 0);
insert into PP_IMPORT_COLUMN (IMPORT_TYPE_ID, TIME_STAMP, USER_ID, COLUMN_NAME, DESCRIPTION, IMPORT_COLUMN_NAME, IS_REQUIRED, PROCESSING_ORDER, COLUMN_TYPE, PARENT_TABLE, ALLOW_AUTOCREATE) values (50, sysdate, user, 'cor_res_adjust', 'Cor Res Adjust', NULL, 0, 1, 'number(22,2)', NULL, 0);
insert into PP_IMPORT_COLUMN (IMPORT_TYPE_ID, TIME_STAMP, USER_ID, COLUMN_NAME, DESCRIPTION, IMPORT_COLUMN_NAME, IS_REQUIRED, PROCESSING_ORDER, COLUMN_TYPE, PARENT_TABLE, ALLOW_AUTOCREATE) values (50, sysdate, user, 'cor_end_reserve', 'Cor End Reserve', NULL, 0, 1, 'number(22,2)', NULL, 0);
insert into PP_IMPORT_COLUMN (IMPORT_TYPE_ID, TIME_STAMP, USER_ID, COLUMN_NAME, DESCRIPTION, IMPORT_COLUMN_NAME, IS_REQUIRED, PROCESSING_ORDER, COLUMN_TYPE, PARENT_TABLE, ALLOW_AUTOCREATE) values (50, sysdate, user, 'cost_of_removal_rate', 'Cost Of Removal Rate', NULL, 0, 1, 'number(22,2)', NULL, 0);
insert into PP_IMPORT_COLUMN (IMPORT_TYPE_ID, TIME_STAMP, USER_ID, COLUMN_NAME, DESCRIPTION, IMPORT_COLUMN_NAME, IS_REQUIRED, PROCESSING_ORDER, COLUMN_TYPE, PARENT_TABLE, ALLOW_AUTOCREATE) values (50, sysdate, user, 'cost_of_removal_base', 'Cost Of Removal Base', NULL, 0, 1, 'number(22,2)', NULL, 0);
insert into PP_IMPORT_COLUMN (IMPORT_TYPE_ID, TIME_STAMP, USER_ID, COLUMN_NAME, DESCRIPTION, IMPORT_COLUMN_NAME, IS_REQUIRED, PROCESSING_ORDER, COLUMN_TYPE, PARENT_TABLE, ALLOW_AUTOCREATE) values (50, sysdate, user, 'rwip_cost_of_removal', 'Rwip Cost Of Removal', NULL, 0, 1, 'number(22,2)', NULL, 0);
insert into PP_IMPORT_COLUMN (IMPORT_TYPE_ID, TIME_STAMP, USER_ID, COLUMN_NAME, DESCRIPTION, IMPORT_COLUMN_NAME, IS_REQUIRED, PROCESSING_ORDER, COLUMN_TYPE, PARENT_TABLE, ALLOW_AUTOCREATE) values (50, sysdate, user, 'rwip_salvage_cash', 'Rwip Salvage Cash', NULL, 0, 1, 'number(22,2)', NULL, 0);
insert into PP_IMPORT_COLUMN (IMPORT_TYPE_ID, TIME_STAMP, USER_ID, COLUMN_NAME, DESCRIPTION, IMPORT_COLUMN_NAME, IS_REQUIRED, PROCESSING_ORDER, COLUMN_TYPE, PARENT_TABLE, ALLOW_AUTOCREATE) values (50, sysdate, user, 'rwip_salvage_returns', 'Rwip Salvage Returns', NULL, 0, 1, 'number(22,2)', NULL, 0);
insert into PP_IMPORT_COLUMN (IMPORT_TYPE_ID, TIME_STAMP, USER_ID, COLUMN_NAME, DESCRIPTION, IMPORT_COLUMN_NAME, IS_REQUIRED, PROCESSING_ORDER, COLUMN_TYPE, PARENT_TABLE, ALLOW_AUTOCREATE) values (50, sysdate, user, 'rwip_reserve_credits', 'Rwip Reserve Credits', NULL, 0, 1, 'number(22,2)', NULL, 0);
insert into PP_IMPORT_COLUMN (IMPORT_TYPE_ID, TIME_STAMP, USER_ID, COLUMN_NAME, DESCRIPTION, IMPORT_COLUMN_NAME, IS_REQUIRED, PROCESSING_ORDER, COLUMN_TYPE, PARENT_TABLE, ALLOW_AUTOCREATE) values (50, sysdate, user, 'salvage_rate', 'Salvage Rate', NULL, 0, 1, 'number(22,2)', NULL, 0);
insert into PP_IMPORT_COLUMN (IMPORT_TYPE_ID, TIME_STAMP, USER_ID, COLUMN_NAME, DESCRIPTION, IMPORT_COLUMN_NAME, IS_REQUIRED, PROCESSING_ORDER, COLUMN_TYPE, PARENT_TABLE, ALLOW_AUTOCREATE) values (50, sysdate, user, 'salvage_base', 'Salvage Base', NULL, 0, 1, 'number(22,2)', NULL, 0);
insert into PP_IMPORT_COLUMN (IMPORT_TYPE_ID, TIME_STAMP, USER_ID, COLUMN_NAME, DESCRIPTION, IMPORT_COLUMN_NAME, IS_REQUIRED, PROCESSING_ORDER, COLUMN_TYPE, PARENT_TABLE, ALLOW_AUTOCREATE) values (50, sysdate, user, 'salvage_expense', 'Salvage Expense', NULL, 0, 1, 'number(22,2)', NULL, 0);
insert into PP_IMPORT_COLUMN (IMPORT_TYPE_ID, TIME_STAMP, USER_ID, COLUMN_NAME, DESCRIPTION, IMPORT_COLUMN_NAME, IS_REQUIRED, PROCESSING_ORDER, COLUMN_TYPE, PARENT_TABLE, ALLOW_AUTOCREATE) values (50, sysdate, user, 'salvage_exp_adjust', 'Salvage Exp Adjust', NULL, 0, 1, 'number(22,2)', NULL, 0);
insert into PP_IMPORT_COLUMN (IMPORT_TYPE_ID, TIME_STAMP, USER_ID, COLUMN_NAME, DESCRIPTION, IMPORT_COLUMN_NAME, IS_REQUIRED, PROCESSING_ORDER, COLUMN_TYPE, PARENT_TABLE, ALLOW_AUTOCREATE) values (50, sysdate, user, 'salvage_exp_alloc_adjust', 'Salvage Exp Alloc Adjust', NULL, 0, 1, 'number(22,2)', NULL, 0);
insert into PP_IMPORT_COLUMN (IMPORT_TYPE_ID, TIME_STAMP, USER_ID, COLUMN_NAME, DESCRIPTION, IMPORT_COLUMN_NAME, IS_REQUIRED, PROCESSING_ORDER, COLUMN_TYPE, PARENT_TABLE, ALLOW_AUTOCREATE) values (50, sysdate, user, 'reserve_bal_salvage_exp', 'Reserve Bal Salvage Exp', NULL, 0, 1, 'number(22,2)', NULL, 0);
insert into PP_IMPORT_COLUMN (IMPORT_TYPE_ID, TIME_STAMP, USER_ID, COLUMN_NAME, DESCRIPTION, IMPORT_COLUMN_NAME, IS_REQUIRED, PROCESSING_ORDER, COLUMN_TYPE, PARENT_TABLE, ALLOW_AUTOCREATE) values (50, sysdate, user, 'reserve_blending_adjustment', 'Reserve Blending Adjustment', NULL, 0, 1, 'number(22,2)', NULL, 0);
insert into PP_IMPORT_COLUMN (IMPORT_TYPE_ID, TIME_STAMP, USER_ID, COLUMN_NAME, DESCRIPTION, IMPORT_COLUMN_NAME, IS_REQUIRED, PROCESSING_ORDER, COLUMN_TYPE, PARENT_TABLE, ALLOW_AUTOCREATE) values (50, sysdate, user, 'reserve_blending_transfer', 'Reserve Blending Transfer', NULL, 0, 1, 'number(22,2)', NULL, 0);
insert into PP_IMPORT_COLUMN (IMPORT_TYPE_ID, TIME_STAMP, USER_ID, COLUMN_NAME, DESCRIPTION, IMPORT_COLUMN_NAME, IS_REQUIRED, PROCESSING_ORDER, COLUMN_TYPE, PARENT_TABLE, ALLOW_AUTOCREATE) values (50, sysdate, user, 'cor_blending_adjustment', 'Cor Blending Adjustment', NULL, 0, 1, 'number(22,2)', NULL, 0);
insert into PP_IMPORT_COLUMN (IMPORT_TYPE_ID, TIME_STAMP, USER_ID, COLUMN_NAME, DESCRIPTION, IMPORT_COLUMN_NAME, IS_REQUIRED, PROCESSING_ORDER, COLUMN_TYPE, PARENT_TABLE, ALLOW_AUTOCREATE) values (50, sysdate, user, 'cor_blending_transfer', 'Cor Blending Transfer', NULL, 0, 1, 'number(22,2)', NULL, 0);
insert into PP_IMPORT_COLUMN (IMPORT_TYPE_ID, TIME_STAMP, USER_ID, COLUMN_NAME, DESCRIPTION, IMPORT_COLUMN_NAME, IS_REQUIRED, PROCESSING_ORDER, COLUMN_TYPE, PARENT_TABLE, ALLOW_AUTOCREATE) values (50, sysdate, user, 'impairment_asset_amount', 'Impairment Asset Amount', NULL, 0, 1, 'number(22,2)', NULL, 0);
insert into PP_IMPORT_COLUMN (IMPORT_TYPE_ID, TIME_STAMP, USER_ID, COLUMN_NAME, DESCRIPTION, IMPORT_COLUMN_NAME, IS_REQUIRED, PROCESSING_ORDER, COLUMN_TYPE, PARENT_TABLE, ALLOW_AUTOCREATE) values (50, sysdate, user, 'impairment_expense_amount', 'Impairment Expense Amount', NULL, 0, 1, 'number(22,2)', NULL, 0);
insert into PP_IMPORT_COLUMN (IMPORT_TYPE_ID, TIME_STAMP, USER_ID, COLUMN_NAME, DESCRIPTION, IMPORT_COLUMN_NAME, IS_REQUIRED, PROCESSING_ORDER, COLUMN_TYPE, PARENT_TABLE, ALLOW_AUTOCREATE) values (50, sysdate, user, 'reserve_bal_impairment', 'Reserve Bal Impairment', NULL, 0, 1, 'number(22,2)', NULL, 0);
insert into PP_IMPORT_COLUMN (IMPORT_TYPE_ID, TIME_STAMP, USER_ID, COLUMN_NAME, DESCRIPTION, IMPORT_COLUMN_NAME, IS_REQUIRED, PROCESSING_ORDER, COLUMN_TYPE, PARENT_TABLE, ALLOW_AUTOCREATE) values (50, sysdate, user, 'company_id', 'Company', 'company_id_xlate', 1, 1, 'number(22,0)', 'company', 0);
insert into PP_IMPORT_COLUMN (IMPORT_TYPE_ID, TIME_STAMP, USER_ID, COLUMN_NAME, DESCRIPTION, IMPORT_COLUMN_NAME, IS_REQUIRED, PROCESSING_ORDER, COLUMN_TYPE, PARENT_TABLE, ALLOW_AUTOCREATE) values (51, sysdate, user, 'asset_id', 'Asset Id', 'asset_id_xlate', 1, 2, 'number(22,0)', 'cpr_ledger', 0);
insert into PP_IMPORT_COLUMN (IMPORT_TYPE_ID, TIME_STAMP, USER_ID, COLUMN_NAME, DESCRIPTION, IMPORT_COLUMN_NAME, IS_REQUIRED, PROCESSING_ORDER, COLUMN_TYPE, PARENT_TABLE, ALLOW_AUTOCREATE) values (51, sysdate, user, 'set_of_books_id', 'Set Of Books', 'set_of_books_id_xlate', 1, 1, 'number(22,0)', 'set_of_books', 0);
insert into PP_IMPORT_COLUMN (IMPORT_TYPE_ID, TIME_STAMP, USER_ID, COLUMN_NAME, DESCRIPTION, IMPORT_COLUMN_NAME, IS_REQUIRED, PROCESSING_ORDER, COLUMN_TYPE, PARENT_TABLE, ALLOW_AUTOCREATE) values (51, sysdate, user, 'reserve_retirements', 'Reserve Retirements', NULL, 0, 1, 'number(22,2)', NULL, 0);
insert into PP_IMPORT_COLUMN (IMPORT_TYPE_ID, TIME_STAMP, USER_ID, COLUMN_NAME, DESCRIPTION, IMPORT_COLUMN_NAME, IS_REQUIRED, PROCESSING_ORDER, COLUMN_TYPE, PARENT_TABLE, ALLOW_AUTOCREATE) values (51, sysdate, user, 'impairment_expense_amount', 'Impairment Expense Amount', NULL, 0, 1, 'number(22,2)', NULL, 0);
insert into PP_IMPORT_COLUMN (IMPORT_TYPE_ID, TIME_STAMP, USER_ID, COLUMN_NAME, DESCRIPTION, IMPORT_COLUMN_NAME, IS_REQUIRED, PROCESSING_ORDER, COLUMN_TYPE, PARENT_TABLE, ALLOW_AUTOCREATE) values (51, sysdate, user, 'impairment_asset_amount', 'Impairment Asset Amount', NULL, 0, 1, 'number(22,2)', NULL, 0);
insert into PP_IMPORT_COLUMN (IMPORT_TYPE_ID, TIME_STAMP, USER_ID, COLUMN_NAME, DESCRIPTION, IMPORT_COLUMN_NAME, IS_REQUIRED, PROCESSING_ORDER, COLUMN_TYPE, PARENT_TABLE, ALLOW_AUTOCREATE) values (51, sysdate, user, 'salvage_exp_alloc_adjust', 'Salvage Exp Alloc Adjust', NULL, 0, 1, 'number(22,2)', NULL, 0);
insert into PP_IMPORT_COLUMN (IMPORT_TYPE_ID, TIME_STAMP, USER_ID, COLUMN_NAME, DESCRIPTION, IMPORT_COLUMN_NAME, IS_REQUIRED, PROCESSING_ORDER, COLUMN_TYPE, PARENT_TABLE, ALLOW_AUTOCREATE) values (51, sysdate, user, 'salvage_exp_adjust', 'Salvage Exp Adjust', NULL, 0, 1, 'number(22,2)', NULL, 0);
insert into PP_IMPORT_COLUMN (IMPORT_TYPE_ID, TIME_STAMP, USER_ID, COLUMN_NAME, DESCRIPTION, IMPORT_COLUMN_NAME, IS_REQUIRED, PROCESSING_ORDER, COLUMN_TYPE, PARENT_TABLE, ALLOW_AUTOCREATE) values (51, sysdate, user, 'salvage_expense', 'Salvage Expense', NULL, 0, 1, 'number(22,2)', NULL, 0);
insert into PP_IMPORT_COLUMN (IMPORT_TYPE_ID, TIME_STAMP, USER_ID, COLUMN_NAME, DESCRIPTION, IMPORT_COLUMN_NAME, IS_REQUIRED, PROCESSING_ORDER, COLUMN_TYPE, PARENT_TABLE, ALLOW_AUTOCREATE) values (51, sysdate, user, 'true_up_cpr_depr', 'True Up Cpr Depr', NULL, 0, 1, 'number(22,2)', NULL, 0);
insert into PP_IMPORT_COLUMN (IMPORT_TYPE_ID, TIME_STAMP, USER_ID, COLUMN_NAME, DESCRIPTION, IMPORT_COLUMN_NAME, IS_REQUIRED, PROCESSING_ORDER, COLUMN_TYPE, PARENT_TABLE, ALLOW_AUTOCREATE) values (51, sysdate, user, 'depr_method_id', 'Depr Method Id', NULL, 0, 1, 'number(22,0)', NULL, 0);
insert into PP_IMPORT_COLUMN (IMPORT_TYPE_ID, TIME_STAMP, USER_ID, COLUMN_NAME, DESCRIPTION, IMPORT_COLUMN_NAME, IS_REQUIRED, PROCESSING_ORDER, COLUMN_TYPE, PARENT_TABLE, ALLOW_AUTOCREATE) values (51, sysdate, user, 'depr_exp_alloc_adjust', 'Depr Exp Alloc Adjust', NULL, 0, 1, 'number(22,2)', NULL, 0);
insert into PP_IMPORT_COLUMN (IMPORT_TYPE_ID, TIME_STAMP, USER_ID, COLUMN_NAME, DESCRIPTION, IMPORT_COLUMN_NAME, IS_REQUIRED, PROCESSING_ORDER, COLUMN_TYPE, PARENT_TABLE, ALLOW_AUTOCREATE) values (51, sysdate, user, 'mid_period_conv', 'Mid Period Conv', NULL, 0, 1, 'number(22,2)', NULL, 0);
insert into PP_IMPORT_COLUMN (IMPORT_TYPE_ID, TIME_STAMP, USER_ID, COLUMN_NAME, DESCRIPTION, IMPORT_COLUMN_NAME, IS_REQUIRED, PROCESSING_ORDER, COLUMN_TYPE, PARENT_TABLE, ALLOW_AUTOCREATE) values (51, sysdate, user, 'mid_period_method', 'Mid Period Method', NULL, 0, 1, 'varchar2(35)', NULL, 0);
insert into PP_IMPORT_COLUMN (IMPORT_TYPE_ID, TIME_STAMP, USER_ID, COLUMN_NAME, DESCRIPTION, IMPORT_COLUMN_NAME, IS_REQUIRED, PROCESSING_ORDER, COLUMN_TYPE, PARENT_TABLE, ALLOW_AUTOCREATE) values (51, sysdate, user, 'company_id', 'Company', 'company_id_xlate', 1, 1, 'number(22,0)', 'company', 0);
insert into PP_IMPORT_COLUMN (IMPORT_TYPE_ID, TIME_STAMP, USER_ID, COLUMN_NAME, DESCRIPTION, IMPORT_COLUMN_NAME, IS_REQUIRED, PROCESSING_ORDER, COLUMN_TYPE, PARENT_TABLE, ALLOW_AUTOCREATE) values (51, sysdate, user, 'month_rate', 'Month Rate', NULL, 0, 1, 'number(22,8)', NULL, 0);
insert into PP_IMPORT_COLUMN (IMPORT_TYPE_ID, TIME_STAMP, USER_ID, COLUMN_NAME, DESCRIPTION, IMPORT_COLUMN_NAME, IS_REQUIRED, PROCESSING_ORDER, COLUMN_TYPE, PARENT_TABLE, ALLOW_AUTOCREATE) values (51, sysdate, user, 'acct_distrib', 'Acct Distrib', NULL, 0, 1, 'varchar2(254)', NULL, 0);
insert into PP_IMPORT_COLUMN (IMPORT_TYPE_ID, TIME_STAMP, USER_ID, COLUMN_NAME, DESCRIPTION, IMPORT_COLUMN_NAME, IS_REQUIRED, PROCESSING_ORDER, COLUMN_TYPE, PARENT_TABLE, ALLOW_AUTOCREATE) values (51, sysdate, user, 'prior_ytd_depr_exp_adjust', 'Prior Ytd Depr Exp Adjust', NULL, 0, 1, 'number(22,2)', NULL, 0);
insert into PP_IMPORT_COLUMN (IMPORT_TYPE_ID, TIME_STAMP, USER_ID, COLUMN_NAME, DESCRIPTION, IMPORT_COLUMN_NAME, IS_REQUIRED, PROCESSING_ORDER, COLUMN_TYPE, PARENT_TABLE, ALLOW_AUTOCREATE) values (51, sysdate, user, 'prior_ytd_depr_expense', 'Prior Ytd Depr Expense', NULL, 0, 1, 'number(22,2)', NULL, 0);
insert into PP_IMPORT_COLUMN (IMPORT_TYPE_ID, TIME_STAMP, USER_ID, COLUMN_NAME, DESCRIPTION, IMPORT_COLUMN_NAME, IS_REQUIRED, PROCESSING_ORDER, COLUMN_TYPE, PARENT_TABLE, ALLOW_AUTOCREATE) values (51, sysdate, user, 'ytd_depr_exp_adjust', 'Ytd Depr Exp Adjust', NULL, 0, 1, 'number(22,2)', NULL, 0);
insert into PP_IMPORT_COLUMN (IMPORT_TYPE_ID, TIME_STAMP, USER_ID, COLUMN_NAME, DESCRIPTION, IMPORT_COLUMN_NAME, IS_REQUIRED, PROCESSING_ORDER, COLUMN_TYPE, PARENT_TABLE, ALLOW_AUTOCREATE) values (51, sysdate, user, 'ytd_depr_expense', 'Ytd Depr Expense', NULL, 0, 1, 'number(22,2)', NULL, 0);
insert into PP_IMPORT_COLUMN (IMPORT_TYPE_ID, TIME_STAMP, USER_ID, COLUMN_NAME, DESCRIPTION, IMPORT_COLUMN_NAME, IS_REQUIRED, PROCESSING_ORDER, COLUMN_TYPE, PARENT_TABLE, ALLOW_AUTOCREATE) values (51, sysdate, user, 'beg_reserve_year', 'Beg Reserve Year', NULL, 0, 1, 'number(22,2)', NULL, 0);
insert into PP_IMPORT_COLUMN (IMPORT_TYPE_ID, TIME_STAMP, USER_ID, COLUMN_NAME, DESCRIPTION, IMPORT_COLUMN_NAME, IS_REQUIRED, PROCESSING_ORDER, COLUMN_TYPE, PARENT_TABLE, ALLOW_AUTOCREATE) values (51, sysdate, user, 'depr_reserve', 'Depr Reserve', NULL, 0, 1, 'number(22,2)', NULL, 0);
insert into PP_IMPORT_COLUMN (IMPORT_TYPE_ID, TIME_STAMP, USER_ID, COLUMN_NAME, DESCRIPTION, IMPORT_COLUMN_NAME, IS_REQUIRED, PROCESSING_ORDER, COLUMN_TYPE, PARENT_TABLE, ALLOW_AUTOCREATE) values (51, sysdate, user, 'curr_depr_expense', 'Curr Depr Expense', NULL, 1, 1, 'number(22,2)', NULL, 0);
insert into PP_IMPORT_COLUMN (IMPORT_TYPE_ID, TIME_STAMP, USER_ID, COLUMN_NAME, DESCRIPTION, IMPORT_COLUMN_NAME, IS_REQUIRED, PROCESSING_ORDER, COLUMN_TYPE, PARENT_TABLE, ALLOW_AUTOCREATE) values (51, sysdate, user, 'depreciation_base', 'Depreciation Base', NULL, 0, 1, 'number(22,2)', NULL, 0);
insert into PP_IMPORT_COLUMN (IMPORT_TYPE_ID, TIME_STAMP, USER_ID, COLUMN_NAME, DESCRIPTION, IMPORT_COLUMN_NAME, IS_REQUIRED, PROCESSING_ORDER, COLUMN_TYPE, PARENT_TABLE, ALLOW_AUTOCREATE) values (51, sysdate, user, 'gain_loss', 'Gain Loss', NULL, 0, 1, 'number(22,2)', NULL, 0);
insert into PP_IMPORT_COLUMN (IMPORT_TYPE_ID, TIME_STAMP, USER_ID, COLUMN_NAME, DESCRIPTION, IMPORT_COLUMN_NAME, IS_REQUIRED, PROCESSING_ORDER, COLUMN_TYPE, PARENT_TABLE, ALLOW_AUTOCREATE) values (51, sysdate, user, 'gl_posting_mo_yr', 'Gl Posting Mo Yr', NULL, 1, 1, 'monthnum', NULL, 0);
insert into PP_IMPORT_COLUMN (IMPORT_TYPE_ID, TIME_STAMP, USER_ID, COLUMN_NAME, DESCRIPTION, IMPORT_COLUMN_NAME, IS_REQUIRED, PROCESSING_ORDER, COLUMN_TYPE, PARENT_TABLE, ALLOW_AUTOCREATE) values (51, sysdate, user, 'depr_group_id', 'Depr Group', 'depr_group_id_xlate', 1, 2, 'number(22,0)', 'depr_group', 0);
insert into PP_IMPORT_COLUMN (IMPORT_TYPE_ID, TIME_STAMP, USER_ID, COLUMN_NAME, DESCRIPTION, IMPORT_COLUMN_NAME, IS_REQUIRED, PROCESSING_ORDER, COLUMN_TYPE, PARENT_TABLE, ALLOW_AUTOCREATE) values (51, sysdate, user, 'init_life', 'Init Life', NULL, 0, 1, 'number(22,2)', NULL, 0);
insert into PP_IMPORT_COLUMN (IMPORT_TYPE_ID, TIME_STAMP, USER_ID, COLUMN_NAME, DESCRIPTION, IMPORT_COLUMN_NAME, IS_REQUIRED, PROCESSING_ORDER, COLUMN_TYPE, PARENT_TABLE, ALLOW_AUTOCREATE) values (51, sysdate, user, 'remaining_life', 'Remaining Life', NULL, 0, 1, 'number(22,2)', NULL, 0);
insert into PP_IMPORT_COLUMN (IMPORT_TYPE_ID, TIME_STAMP, USER_ID, COLUMN_NAME, DESCRIPTION, IMPORT_COLUMN_NAME, IS_REQUIRED, PROCESSING_ORDER, COLUMN_TYPE, PARENT_TABLE, ALLOW_AUTOCREATE) values (51, sysdate, user, 'estimated_salvage', 'Estimated Salvage', NULL, 0, 1, 'number(22,2)', NULL, 0);
insert into PP_IMPORT_COLUMN (IMPORT_TYPE_ID, TIME_STAMP, USER_ID, COLUMN_NAME, DESCRIPTION, IMPORT_COLUMN_NAME, IS_REQUIRED, PROCESSING_ORDER, COLUMN_TYPE, PARENT_TABLE, ALLOW_AUTOCREATE) values (51, sysdate, user, 'eng_in_service_year', 'Eng In Service Year', NULL, 0, 1, 'date', 'cpr_ledger', 0);
insert into PP_IMPORT_COLUMN (IMPORT_TYPE_ID, TIME_STAMP, USER_ID, COLUMN_NAME, DESCRIPTION, IMPORT_COLUMN_NAME, IS_REQUIRED, PROCESSING_ORDER, COLUMN_TYPE, PARENT_TABLE, ALLOW_AUTOCREATE) values (51, sysdate, user, 'beg_reserve_month', 'Beg Reserve Month', NULL, 1, 1, 'number(22,2)', NULL, 0);
insert into PP_IMPORT_COLUMN (IMPORT_TYPE_ID, TIME_STAMP, USER_ID, COLUMN_NAME, DESCRIPTION, IMPORT_COLUMN_NAME, IS_REQUIRED, PROCESSING_ORDER, COLUMN_TYPE, PARENT_TABLE, ALLOW_AUTOCREATE) values (51, sysdate, user, 'salvage_dollars', 'Salvage Dollars', NULL, 0, 1, 'number(22,2)', NULL, 0);
insert into PP_IMPORT_COLUMN (IMPORT_TYPE_ID, TIME_STAMP, USER_ID, COLUMN_NAME, DESCRIPTION, IMPORT_COLUMN_NAME, IS_REQUIRED, PROCESSING_ORDER, COLUMN_TYPE, PARENT_TABLE, ALLOW_AUTOCREATE) values (51, sysdate, user, 'reserve_adjustment', 'Reserve Adjustment', NULL, 0, 1, 'number(22,2)', NULL, 0);
insert into PP_IMPORT_COLUMN (IMPORT_TYPE_ID, TIME_STAMP, USER_ID, COLUMN_NAME, DESCRIPTION, IMPORT_COLUMN_NAME, IS_REQUIRED, PROCESSING_ORDER, COLUMN_TYPE, PARENT_TABLE, ALLOW_AUTOCREATE) values (51, sysdate, user, 'cost_of_removal', 'Cost Of Removal', NULL, 0, 1, 'number(22,2)', NULL, 0);
insert into PP_IMPORT_COLUMN (IMPORT_TYPE_ID, TIME_STAMP, USER_ID, COLUMN_NAME, DESCRIPTION, IMPORT_COLUMN_NAME, IS_REQUIRED, PROCESSING_ORDER, COLUMN_TYPE, PARENT_TABLE, ALLOW_AUTOCREATE) values (51, sysdate, user, 'reserve_trans_in', 'Reserve Trans In', NULL, 0, 1, 'number(22,2)', NULL, 0);
insert into PP_IMPORT_COLUMN (IMPORT_TYPE_ID, TIME_STAMP, USER_ID, COLUMN_NAME, DESCRIPTION, IMPORT_COLUMN_NAME, IS_REQUIRED, PROCESSING_ORDER, COLUMN_TYPE, PARENT_TABLE, ALLOW_AUTOCREATE) values (51, sysdate, user, 'reserve_trans_out', 'Reserve Trans Out', NULL, 0, 1, 'number(22,2)', NULL, 0);
insert into PP_IMPORT_COLUMN (IMPORT_TYPE_ID, TIME_STAMP, USER_ID, COLUMN_NAME, DESCRIPTION, IMPORT_COLUMN_NAME, IS_REQUIRED, PROCESSING_ORDER, COLUMN_TYPE, PARENT_TABLE, ALLOW_AUTOCREATE) values (51, sysdate, user, 'depr_exp_adjust', 'Depr Exp Adjust', NULL, 0, 1, 'number(22,2)', NULL, 0);
insert into PP_IMPORT_COLUMN (IMPORT_TYPE_ID, TIME_STAMP, USER_ID, COLUMN_NAME, DESCRIPTION, IMPORT_COLUMN_NAME, IS_REQUIRED, PROCESSING_ORDER, COLUMN_TYPE, PARENT_TABLE, ALLOW_AUTOCREATE) values (51, sysdate, user, 'other_credits_and_adjust', 'Other Credits And Adjust', NULL, 0, 1, 'number(22,2)', NULL, 0);
insert into PP_IMPORT_COLUMN (IMPORT_TYPE_ID, TIME_STAMP, USER_ID, COLUMN_NAME, DESCRIPTION, IMPORT_COLUMN_NAME, IS_REQUIRED, PROCESSING_ORDER, COLUMN_TYPE, PARENT_TABLE, ALLOW_AUTOCREATE) values (52, sysdate, user, 'end_of_life', 'End Of Life Month', NULL, 0, 1, 'monthnum', NULL, 0);
insert into PP_IMPORT_COLUMN (IMPORT_TYPE_ID, TIME_STAMP, USER_ID, COLUMN_NAME, DESCRIPTION, IMPORT_COLUMN_NAME, IS_REQUIRED, PROCESSING_ORDER, COLUMN_TYPE, PARENT_TABLE, ALLOW_AUTOCREATE) values (52, sysdate, user, 'gain_loss_default', 'Gain/Loss Default', 'gain_loss_default_xlate', 0, 1, 'number(22,0)', NULL, 0);
insert into PP_IMPORT_COLUMN (IMPORT_TYPE_ID, TIME_STAMP, USER_ID, COLUMN_NAME, DESCRIPTION, IMPORT_COLUMN_NAME, IS_REQUIRED, PROCESSING_ORDER, COLUMN_TYPE, PARENT_TABLE, ALLOW_AUTOCREATE) values (52, sysdate, user, 'net_salvage_pct', 'Net Salvage Percent', NULL, 1, 1, 'number(22,8)', NULL, 0);
insert into PP_IMPORT_COLUMN (IMPORT_TYPE_ID, TIME_STAMP, USER_ID, COLUMN_NAME, DESCRIPTION, IMPORT_COLUMN_NAME, IS_REQUIRED, PROCESSING_ORDER, COLUMN_TYPE, PARENT_TABLE, ALLOW_AUTOCREATE) values (52, sysdate, user, 'over_depr_check', 'Over Depreciation Check', 'over_depr_check_xlate', 0, 1, 'number(22,0)', NULL, 0);
insert into PP_IMPORT_COLUMN (IMPORT_TYPE_ID, TIME_STAMP, USER_ID, COLUMN_NAME, DESCRIPTION, IMPORT_COLUMN_NAME, IS_REQUIRED, PROCESSING_ORDER, COLUMN_TYPE, PARENT_TABLE, ALLOW_AUTOCREATE) values (52, sysdate, user, 'net_gross', 'Net/Gross', 'net_gross_xlate', 0, 1, 'number(22,0)', NULL, 0);
insert into PP_IMPORT_COLUMN (IMPORT_TYPE_ID, TIME_STAMP, USER_ID, COLUMN_NAME, DESCRIPTION, IMPORT_COLUMN_NAME, IS_REQUIRED, PROCESSING_ORDER, COLUMN_TYPE, PARENT_TABLE, ALLOW_AUTOCREATE) values (52, sysdate, user, 'rate', 'Rate (in Decimal)', NULL, 1, 1, 'number(22,8)', NULL, 0);
insert into PP_IMPORT_COLUMN (IMPORT_TYPE_ID, TIME_STAMP, USER_ID, COLUMN_NAME, DESCRIPTION, IMPORT_COLUMN_NAME, IS_REQUIRED, PROCESSING_ORDER, COLUMN_TYPE, PARENT_TABLE, ALLOW_AUTOCREATE) values (52, sysdate, user, 'effective_date', 'Effective Date', NULL, 1, 1, 'date', NULL, 0);
insert into PP_IMPORT_COLUMN (IMPORT_TYPE_ID, TIME_STAMP, USER_ID, COLUMN_NAME, DESCRIPTION, IMPORT_COLUMN_NAME, IS_REQUIRED, PROCESSING_ORDER, COLUMN_TYPE, PARENT_TABLE, ALLOW_AUTOCREATE) values (52, sysdate, user, 'set_of_books_id', 'Set of Books', 'set_of_books_id_xlate', 1, 1, 'number(22,0)', 'set_of_books', 0);
insert into PP_IMPORT_COLUMN (IMPORT_TYPE_ID, TIME_STAMP, USER_ID, COLUMN_NAME, DESCRIPTION, IMPORT_COLUMN_NAME, IS_REQUIRED, PROCESSING_ORDER, COLUMN_TYPE, PARENT_TABLE, ALLOW_AUTOCREATE) values (52, sysdate, user, 'depr_method_id', 'Depr Method', 'depr_method_id_xlate', 1, 1, 'number(22,0)', 'depreciation_method', 0);
insert into PP_IMPORT_COLUMN (IMPORT_TYPE_ID, TIME_STAMP, USER_ID, COLUMN_NAME, DESCRIPTION, IMPORT_COLUMN_NAME, IS_REQUIRED, PROCESSING_ORDER, COLUMN_TYPE, PARENT_TABLE, ALLOW_AUTOCREATE) values (52, sysdate, user, 'allocation_procedure', 'Allocation Procedure', 'allocation_procedure_xlate', 0, 1, 'varchar2(5)', NULL, 0);
insert into PP_IMPORT_COLUMN (IMPORT_TYPE_ID, TIME_STAMP, USER_ID, COLUMN_NAME, DESCRIPTION, IMPORT_COLUMN_NAME, IS_REQUIRED, PROCESSING_ORDER, COLUMN_TYPE, PARENT_TABLE, ALLOW_AUTOCREATE) values (52, sysdate, user, 'mass_expected_life', 'Mass Expected Life (In Years)', NULL, 0, 1, 'number(22,8)', NULL, 0);
insert into PP_IMPORT_COLUMN (IMPORT_TYPE_ID, TIME_STAMP, USER_ID, COLUMN_NAME, DESCRIPTION, IMPORT_COLUMN_NAME, IS_REQUIRED, PROCESSING_ORDER, COLUMN_TYPE, PARENT_TABLE, ALLOW_AUTOCREATE) values (52, sysdate, user, 'mort_mem_mort_curve_id', 'Mortality Memory Curve', 'mortality_curve_id_xlate', 0, 1, 'number(22,0)', 'mortality_curve', 0);
insert into PP_IMPORT_COLUMN (IMPORT_TYPE_ID, TIME_STAMP, USER_ID, COLUMN_NAME, DESCRIPTION, IMPORT_COLUMN_NAME, IS_REQUIRED, PROCESSING_ORDER, COLUMN_TYPE, PARENT_TABLE, ALLOW_AUTOCREATE) values (52, sysdate, user, 'net_salvage_amort_life', 'Net Salvage Amort Life (In Months)', NULL, 0, 1, 'number(22,0)', NULL, 0);
insert into PP_IMPORT_COLUMN (IMPORT_TYPE_ID, TIME_STAMP, USER_ID, COLUMN_NAME, DESCRIPTION, IMPORT_COLUMN_NAME, IS_REQUIRED, PROCESSING_ORDER, COLUMN_TYPE, PARENT_TABLE, ALLOW_AUTOCREATE) values (52, sysdate, user, 'salvage_treatment', 'Salvage Treatment (No/Amort/Month)', NULL, 0, 1, 'varchar2(5)', NULL, 0);
insert into PP_IMPORT_COLUMN (IMPORT_TYPE_ID, TIME_STAMP, USER_ID, COLUMN_NAME, DESCRIPTION, IMPORT_COLUMN_NAME, IS_REQUIRED, PROCESSING_ORDER, COLUMN_TYPE, PARENT_TABLE, ALLOW_AUTOCREATE) values (52, sysdate, user, 'cor_treatment', 'COR Treatment (No/Amort/Month)', NULL, 0, 1, 'varchar2(5)', NULL, 0);
insert into PP_IMPORT_COLUMN (IMPORT_TYPE_ID, TIME_STAMP, USER_ID, COLUMN_NAME, DESCRIPTION, IMPORT_COLUMN_NAME, IS_REQUIRED, PROCESSING_ORDER, COLUMN_TYPE, PARENT_TABLE, ALLOW_AUTOCREATE) values (52, sysdate, user, 'amortizable_life', 'Amortizable Life (in Months)', NULL, 0, 1, 'number(22,0)', NULL, 0);
insert into PP_IMPORT_COLUMN (IMPORT_TYPE_ID, TIME_STAMP, USER_ID, COLUMN_NAME, DESCRIPTION, IMPORT_COLUMN_NAME, IS_REQUIRED, PROCESSING_ORDER, COLUMN_TYPE, PARENT_TABLE, ALLOW_AUTOCREATE) values (52, sysdate, user, 'interest_rate', 'Interest Rate  (in Decimal)', NULL, 1, 1, 'number(22,8)', NULL, 0);
insert into PP_IMPORT_COLUMN (IMPORT_TYPE_ID, TIME_STAMP, USER_ID, COLUMN_NAME, DESCRIPTION, IMPORT_COLUMN_NAME, IS_REQUIRED, PROCESSING_ORDER, COLUMN_TYPE, PARENT_TABLE, ALLOW_AUTOCREATE) values (52, sysdate, user, 'salvage_rate', 'Salvage Rate (in Decimal)', NULL, 1, 1, 'number(22,8)', NULL, 0);
insert into PP_IMPORT_COLUMN (IMPORT_TYPE_ID, TIME_STAMP, USER_ID, COLUMN_NAME, DESCRIPTION, IMPORT_COLUMN_NAME, IS_REQUIRED, PROCESSING_ORDER, COLUMN_TYPE, PARENT_TABLE, ALLOW_AUTOCREATE) values (52, sysdate, user, 'cost_of_removal_pct', 'COR Percent (in Decimal)', NULL, 1, 1, 'number(22,8)', NULL, 0);
insert into PP_IMPORT_COLUMN (IMPORT_TYPE_ID, TIME_STAMP, USER_ID, COLUMN_NAME, DESCRIPTION, IMPORT_COLUMN_NAME, IS_REQUIRED, PROCESSING_ORDER, COLUMN_TYPE, PARENT_TABLE, ALLOW_AUTOCREATE) values (52, sysdate, user, 'cost_of_removal_rate', 'COR Rate (in Decimal)', NULL, 1, 1, 'number(22,8)', NULL, 0);
insert into PP_IMPORT_COLUMN (IMPORT_TYPE_ID, TIME_STAMP, USER_ID, COLUMN_NAME, DESCRIPTION, IMPORT_COLUMN_NAME, IS_REQUIRED, PROCESSING_ORDER, COLUMN_TYPE, PARENT_TABLE, ALLOW_AUTOCREATE) values (52, sysdate, user, 'reserve_ratio_id', 'Reserve Ratio', NULL, 0, 1, 'number(22,0)', NULL, 0);
insert into PP_IMPORT_COLUMN (IMPORT_TYPE_ID, TIME_STAMP, USER_ID, COLUMN_NAME, DESCRIPTION, IMPORT_COLUMN_NAME, IS_REQUIRED, PROCESSING_ORDER, COLUMN_TYPE, PARENT_TABLE, ALLOW_AUTOCREATE) values (52, sysdate, user, 'expected_average_life', 'Expected Average Life (In Years)', NULL, 0, 1, 'number(22,8)', NULL, 0);
insert into PP_IMPORT_COLUMN (IMPORT_TYPE_ID, TIME_STAMP, USER_ID, COLUMN_NAME, DESCRIPTION, IMPORT_COLUMN_NAME, IS_REQUIRED, PROCESSING_ORDER, COLUMN_TYPE, PARENT_TABLE, ALLOW_AUTOCREATE) values (52, sysdate, user, 'mortality_curve_id', 'Mortality Curve', NULL, 0, 1, 'number(22,0)', NULL, 0);
insert into PP_IMPORT_COLUMN (IMPORT_TYPE_ID, TIME_STAMP, USER_ID, COLUMN_NAME, DESCRIPTION, IMPORT_COLUMN_NAME, IS_REQUIRED, PROCESSING_ORDER, COLUMN_TYPE, PARENT_TABLE, ALLOW_AUTOCREATE) values (52, sysdate, user, 'rate_used_code', 'Rate Used Code', 'rate_used_code_xlate', 0, 1, 'number(22,0)', NULL, 0);
insert into PP_IMPORT_COLUMN (IMPORT_TYPE_ID, TIME_STAMP, USER_ID, COLUMN_NAME, DESCRIPTION, IMPORT_COLUMN_NAME, IS_REQUIRED, PROCESSING_ORDER, COLUMN_TYPE, PARENT_TABLE, ALLOW_AUTOCREATE) values (53, sysdate, user, 'company_id', 'Company', 'company_id_xlate', 1, 1, 'number(22,0)', 'company', 0);
insert into PP_IMPORT_COLUMN (IMPORT_TYPE_ID, TIME_STAMP, USER_ID, COLUMN_NAME, DESCRIPTION, IMPORT_COLUMN_NAME, IS_REQUIRED, PROCESSING_ORDER, COLUMN_TYPE, PARENT_TABLE, ALLOW_AUTOCREATE) values (53, sysdate, user, 'books_schema_id', 'Books Schema', 'books_schema_id_xlate', 1, 1, 'number(22,0)', 'book_schema', 0);
insert into PP_IMPORT_COLUMN (IMPORT_TYPE_ID, TIME_STAMP, USER_ID, COLUMN_NAME, DESCRIPTION, IMPORT_COLUMN_NAME, IS_REQUIRED, PROCESSING_ORDER, COLUMN_TYPE, PARENT_TABLE, ALLOW_AUTOCREATE) values (53, sysdate, user, 'gl_account_id', 'Gl Account', 'gl_account_id_xlate', 1, 2, 'number(22,0)', 'gl_account', 0);
insert into PP_IMPORT_COLUMN (IMPORT_TYPE_ID, TIME_STAMP, USER_ID, COLUMN_NAME, DESCRIPTION, IMPORT_COLUMN_NAME, IS_REQUIRED, PROCESSING_ORDER, COLUMN_TYPE, PARENT_TABLE, ALLOW_AUTOCREATE) values (53, sysdate, user, 'bus_segment_id', 'Bus Segment', 'bus_segment_id_xlate', 1, 2, 'number(22,0)', 'business_segment', 0);
insert into PP_IMPORT_COLUMN (IMPORT_TYPE_ID, TIME_STAMP, USER_ID, COLUMN_NAME, DESCRIPTION, IMPORT_COLUMN_NAME, IS_REQUIRED, PROCESSING_ORDER, COLUMN_TYPE, PARENT_TABLE, ALLOW_AUTOCREATE) values (53, sysdate, user, 'utility_account_id', 'Utility Account', 'utility_account_id_xlate', 1, 3, 'number(22,0)', 'utility_account', 0);
insert into PP_IMPORT_COLUMN (IMPORT_TYPE_ID, TIME_STAMP, USER_ID, COLUMN_NAME, DESCRIPTION, IMPORT_COLUMN_NAME, IS_REQUIRED, PROCESSING_ORDER, COLUMN_TYPE, PARENT_TABLE, ALLOW_AUTOCREATE) values (53, sysdate, user, 'sub_account_id', 'Sub Account', 'sub_account_id_xlate', 0, 4, 'number(22,0)', 'sub_account', 0);
insert into PP_IMPORT_COLUMN (IMPORT_TYPE_ID, TIME_STAMP, USER_ID, COLUMN_NAME, DESCRIPTION, IMPORT_COLUMN_NAME, IS_REQUIRED, PROCESSING_ORDER, COLUMN_TYPE, PARENT_TABLE, ALLOW_AUTOCREATE) values (53, sysdate, user, 'property_group_id', 'Property Group', 'property_group_id_xlate', 1, 1, 'number(22,0)', 'property_group', 0);
insert into PP_IMPORT_COLUMN (IMPORT_TYPE_ID, TIME_STAMP, USER_ID, COLUMN_NAME, DESCRIPTION, IMPORT_COLUMN_NAME, IS_REQUIRED, PROCESSING_ORDER, COLUMN_TYPE, PARENT_TABLE, ALLOW_AUTOCREATE) values (53, sysdate, user, 'retirement_unit_id', 'Retirement Unit', 'retirement_unit_id_xlate', 1, 2, 'number(22,0)', 'retirement_unit', 0);
insert into PP_IMPORT_COLUMN (IMPORT_TYPE_ID, TIME_STAMP, USER_ID, COLUMN_NAME, DESCRIPTION, IMPORT_COLUMN_NAME, IS_REQUIRED, PROCESSING_ORDER, COLUMN_TYPE, PARENT_TABLE, ALLOW_AUTOCREATE) values (53, sysdate, user, 'asset_location_id', 'Asset Location', 'asset_location_id_xlate', 1, 2, 'number(22,0)', 'asset_location', 0);
insert into PP_IMPORT_COLUMN (IMPORT_TYPE_ID, TIME_STAMP, USER_ID, COLUMN_NAME, DESCRIPTION, IMPORT_COLUMN_NAME, IS_REQUIRED, PROCESSING_ORDER, COLUMN_TYPE, PARENT_TABLE, ALLOW_AUTOCREATE) values (53, sysdate, user, 'in_service_year', 'In Service Year', NULL, 0, 1, 'monthnum', NULL, 0);
insert into PP_IMPORT_COLUMN (IMPORT_TYPE_ID, TIME_STAMP, USER_ID, COLUMN_NAME, DESCRIPTION, IMPORT_COLUMN_NAME, IS_REQUIRED, PROCESSING_ORDER, COLUMN_TYPE, PARENT_TABLE, ALLOW_AUTOCREATE) values (53, sysdate, user, 'eng_in_service_year', 'Eng In Service Year', NULL, 1, 1, 'monthnum', NULL, 0);
insert into PP_IMPORT_COLUMN (IMPORT_TYPE_ID, TIME_STAMP, USER_ID, COLUMN_NAME, DESCRIPTION, IMPORT_COLUMN_NAME, IS_REQUIRED, PROCESSING_ORDER, COLUMN_TYPE, PARENT_TABLE, ALLOW_AUTOCREATE) values (53, sysdate, user, 'description', 'Description', NULL, 0, 1, 'varchar2(35)', NULL, 0);
insert into PP_IMPORT_COLUMN (IMPORT_TYPE_ID, TIME_STAMP, USER_ID, COLUMN_NAME, DESCRIPTION, IMPORT_COLUMN_NAME, IS_REQUIRED, PROCESSING_ORDER, COLUMN_TYPE, PARENT_TABLE, ALLOW_AUTOCREATE) values (53, sysdate, user, 'long_description', 'Long Description', NULL, 1, 1, 'varchar2(254)', NULL, 0);
insert into PP_IMPORT_COLUMN (IMPORT_TYPE_ID, TIME_STAMP, USER_ID, COLUMN_NAME, DESCRIPTION, IMPORT_COLUMN_NAME, IS_REQUIRED, PROCESSING_ORDER, COLUMN_TYPE, PARENT_TABLE, ALLOW_AUTOCREATE) values (53, sysdate, user, 'serial_number', 'Serial Number', NULL, 0, 1, 'varchar2(35)', NULL, 0);
insert into PP_IMPORT_COLUMN (IMPORT_TYPE_ID, TIME_STAMP, USER_ID, COLUMN_NAME, DESCRIPTION, IMPORT_COLUMN_NAME, IS_REQUIRED, PROCESSING_ORDER, COLUMN_TYPE, PARENT_TABLE, ALLOW_AUTOCREATE) values (53, sysdate, user, 'ledger_status', 'Ledger Status', NULL, 0, 1, 'number(22,0)', NULL, 0);
insert into PP_IMPORT_COLUMN (IMPORT_TYPE_ID, TIME_STAMP, USER_ID, COLUMN_NAME, DESCRIPTION, IMPORT_COLUMN_NAME, IS_REQUIRED, PROCESSING_ORDER, COLUMN_TYPE, PARENT_TABLE, ALLOW_AUTOCREATE) values (53, sysdate, user, 'work_order_number', 'Work Order Number', NULL, 0, 1, 'varchar2(35)', NULL, 0);
insert into PP_IMPORT_COLUMN (IMPORT_TYPE_ID, TIME_STAMP, USER_ID, COLUMN_NAME, DESCRIPTION, IMPORT_COLUMN_NAME, IS_REQUIRED, PROCESSING_ORDER, COLUMN_TYPE, PARENT_TABLE, ALLOW_AUTOCREATE) values (53, sysdate, user, 'asset_id', 'Asset Id', 'asset_id_xlate', 0, 2, 'number(22,0)', NULL, 0);
insert into PP_IMPORT_COLUMN (IMPORT_TYPE_ID, TIME_STAMP, USER_ID, COLUMN_NAME, DESCRIPTION, IMPORT_COLUMN_NAME, IS_REQUIRED, PROCESSING_ORDER, COLUMN_TYPE, PARENT_TABLE, ALLOW_AUTOCREATE) values (53, sysdate, user, 'accum_cost_2', 'Accum Cost 2', NULL, 0, 1, 'number(22,2)', NULL, 0);
insert into PP_IMPORT_COLUMN (IMPORT_TYPE_ID, TIME_STAMP, USER_ID, COLUMN_NAME, DESCRIPTION, IMPORT_COLUMN_NAME, IS_REQUIRED, PROCESSING_ORDER, COLUMN_TYPE, PARENT_TABLE, ALLOW_AUTOCREATE) values (53, sysdate, user, 'second_financial_cost', 'Second Financial Cost', NULL, 0, 1, 'number(22,2)', NULL, 0);
insert into PP_IMPORT_COLUMN (IMPORT_TYPE_ID, TIME_STAMP, USER_ID, COLUMN_NAME, DESCRIPTION, IMPORT_COLUMN_NAME, IS_REQUIRED, PROCESSING_ORDER, COLUMN_TYPE, PARENT_TABLE, ALLOW_AUTOCREATE) values (53, sysdate, user, 'gl_posting_mo_yr', 'Gl Posting Mo Yr', NULL, 1, 1, 'monthnum', NULL, 0);
insert into PP_IMPORT_COLUMN (IMPORT_TYPE_ID, TIME_STAMP, USER_ID, COLUMN_NAME, DESCRIPTION, IMPORT_COLUMN_NAME, IS_REQUIRED, PROCESSING_ORDER, COLUMN_TYPE, PARENT_TABLE, ALLOW_AUTOCREATE) values (53, sysdate, user, 'act_work_order_number', 'Act Work Order Number', NULL, 1, 1, 'varchar2(35)', NULL, 0);
insert into PP_IMPORT_COLUMN (IMPORT_TYPE_ID, TIME_STAMP, USER_ID, COLUMN_NAME, DESCRIPTION, IMPORT_COLUMN_NAME, IS_REQUIRED, PROCESSING_ORDER, COLUMN_TYPE, PARENT_TABLE, ALLOW_AUTOCREATE) values (53, sysdate, user, 'activity_code', 'Activity Code', 'activity_code_xlate', 1, 1, 'char(8)', 'activity_code', 0);
insert into PP_IMPORT_COLUMN (IMPORT_TYPE_ID, TIME_STAMP, USER_ID, COLUMN_NAME, DESCRIPTION, IMPORT_COLUMN_NAME, IS_REQUIRED, PROCESSING_ORDER, COLUMN_TYPE, PARENT_TABLE, ALLOW_AUTOCREATE) values (53, sysdate, user, 'ferc_activity_code', 'Ferc Activity Code', 'ferc_activity_code_xlate', 0, 1, 'number(22,0)', 'ferc_activity_code', 0);
insert into PP_IMPORT_COLUMN (IMPORT_TYPE_ID, TIME_STAMP, USER_ID, COLUMN_NAME, DESCRIPTION, IMPORT_COLUMN_NAME, IS_REQUIRED, PROCESSING_ORDER, COLUMN_TYPE, PARENT_TABLE, ALLOW_AUTOCREATE) values (53, sysdate, user, 'act_description', 'Act Description', NULL, 0, 1, 'varchar2(35)', NULL, 0);
insert into PP_IMPORT_COLUMN (IMPORT_TYPE_ID, TIME_STAMP, USER_ID, COLUMN_NAME, DESCRIPTION, IMPORT_COLUMN_NAME, IS_REQUIRED, PROCESSING_ORDER, COLUMN_TYPE, PARENT_TABLE, ALLOW_AUTOCREATE) values (53, sysdate, user, 'act_long_description', 'Act Long Description', NULL, 1, 1, 'varchar2(254)', NULL, 0);
insert into PP_IMPORT_COLUMN (IMPORT_TYPE_ID, TIME_STAMP, USER_ID, COLUMN_NAME, DESCRIPTION, IMPORT_COLUMN_NAME, IS_REQUIRED, PROCESSING_ORDER, COLUMN_TYPE, PARENT_TABLE, ALLOW_AUTOCREATE) values (53, sysdate, user, 'activity_quantity', 'Activity Quantity', NULL, 1, 1, 'number(22,2)', NULL, 0);
insert into PP_IMPORT_COLUMN (IMPORT_TYPE_ID, TIME_STAMP, USER_ID, COLUMN_NAME, DESCRIPTION, IMPORT_COLUMN_NAME, IS_REQUIRED, PROCESSING_ORDER, COLUMN_TYPE, PARENT_TABLE, ALLOW_AUTOCREATE) values (53, sysdate, user, 'user_id1', 'User 1', NULL, 0, 1, 'varchar2(18)', NULL, 0);
insert into PP_IMPORT_COLUMN (IMPORT_TYPE_ID, TIME_STAMP, USER_ID, COLUMN_NAME, DESCRIPTION, IMPORT_COLUMN_NAME, IS_REQUIRED, PROCESSING_ORDER, COLUMN_TYPE, PARENT_TABLE, ALLOW_AUTOCREATE) values (53, sysdate, user, 'user_id2', 'User 2', NULL, 0, 1, 'varchar2(18)', NULL, 0);
insert into PP_IMPORT_COLUMN (IMPORT_TYPE_ID, TIME_STAMP, USER_ID, COLUMN_NAME, DESCRIPTION, IMPORT_COLUMN_NAME, IS_REQUIRED, PROCESSING_ORDER, COLUMN_TYPE, PARENT_TABLE, ALLOW_AUTOCREATE) values (53, sysdate, user, 'user_id3', 'User 3', NULL, 0, 1, 'varchar2(18)', NULL, 0);
insert into PP_IMPORT_COLUMN (IMPORT_TYPE_ID, TIME_STAMP, USER_ID, COLUMN_NAME, DESCRIPTION, IMPORT_COLUMN_NAME, IS_REQUIRED, PROCESSING_ORDER, COLUMN_TYPE, PARENT_TABLE, ALLOW_AUTOCREATE) values (53, sysdate, user, 'gl_je_code', 'Gl Je Code', 'gl_je_code_xlate', 0, 1, 'char(18)', 'standard_journal_entries', 0);
insert into PP_IMPORT_COLUMN (IMPORT_TYPE_ID, TIME_STAMP, USER_ID, COLUMN_NAME, DESCRIPTION, IMPORT_COLUMN_NAME, IS_REQUIRED, PROCESSING_ORDER, COLUMN_TYPE, PARENT_TABLE, ALLOW_AUTOCREATE) values (53, sysdate, user, 'disposition_code', 'Disposition Code', 'disposition_code_xlate', 0, 1, 'number(22,0)', 'disposition_code', 0);
insert into PP_IMPORT_COLUMN (IMPORT_TYPE_ID, TIME_STAMP, USER_ID, COLUMN_NAME, DESCRIPTION, IMPORT_COLUMN_NAME, IS_REQUIRED, PROCESSING_ORDER, COLUMN_TYPE, PARENT_TABLE, ALLOW_AUTOCREATE) values (53, sysdate, user, 'out_of_service_mo_yr', 'Out Of Service Mo Yr', NULL, 0, 1, 'monthnum', NULL, 0);
insert into PP_IMPORT_COLUMN (IMPORT_TYPE_ID, TIME_STAMP, USER_ID, COLUMN_NAME, DESCRIPTION, IMPORT_COLUMN_NAME, IS_REQUIRED, PROCESSING_ORDER, COLUMN_TYPE, PARENT_TABLE, ALLOW_AUTOCREATE) values (53, sysdate, user, 'cpr_posting_mo_yr', 'Cpr Posting Mo Yr', NULL, 0, 1, 'monthnum', NULL, 0);
insert into PP_IMPORT_COLUMN (IMPORT_TYPE_ID, TIME_STAMP, USER_ID, COLUMN_NAME, DESCRIPTION, IMPORT_COLUMN_NAME, IS_REQUIRED, PROCESSING_ORDER, COLUMN_TYPE, PARENT_TABLE, ALLOW_AUTOCREATE) values (53, sysdate, user, 'month_number', 'Month Number', NULL, 0, 1, 'monthnum', NULL, 0);
insert into PP_IMPORT_COLUMN (IMPORT_TYPE_ID, TIME_STAMP, USER_ID, COLUMN_NAME, DESCRIPTION, IMPORT_COLUMN_NAME, IS_REQUIRED, PROCESSING_ORDER, COLUMN_TYPE, PARENT_TABLE, ALLOW_AUTOCREATE) values (53, sysdate, user, 'activity_cost_2', 'Activity Cost 2', NULL, 0, 1, 'number(22,2)', NULL, 0);
insert into PP_IMPORT_COLUMN (IMPORT_TYPE_ID, TIME_STAMP, USER_ID, COLUMN_NAME, DESCRIPTION, IMPORT_COLUMN_NAME, IS_REQUIRED, PROCESSING_ORDER, COLUMN_TYPE, PARENT_TABLE, ALLOW_AUTOCREATE) values (53, sysdate, user, 'act_second_financial_cost', 'Act Second Financial Cost', NULL, 0, 1, 'number(22,2)', NULL, 0);
insert into PP_IMPORT_COLUMN (IMPORT_TYPE_ID, TIME_STAMP, USER_ID, COLUMN_NAME, DESCRIPTION, IMPORT_COLUMN_NAME, IS_REQUIRED, PROCESSING_ORDER, COLUMN_TYPE, PARENT_TABLE, ALLOW_AUTOCREATE) values (53, sysdate, user, 'basis_1', 'Conversion Basis', NULL, 1, 1, 'number(22,2)', NULL, 0);
insert into PP_IMPORT_COLUMN (IMPORT_TYPE_ID, TIME_STAMP, USER_ID, COLUMN_NAME, DESCRIPTION, IMPORT_COLUMN_NAME, IS_REQUIRED, PROCESSING_ORDER, COLUMN_TYPE, PARENT_TABLE, ALLOW_AUTOCREATE) values (53, sysdate, user, 'basis_2', 'Direct Costs Basis', NULL, 0, 1, 'number(22,2)', NULL, 0);
insert into PP_IMPORT_COLUMN (IMPORT_TYPE_ID, TIME_STAMP, USER_ID, COLUMN_NAME, DESCRIPTION, IMPORT_COLUMN_NAME, IS_REQUIRED, PROCESSING_ORDER, COLUMN_TYPE, PARENT_TABLE, ALLOW_AUTOCREATE) values (53, sysdate, user, 'basis_3', 'Labor Basis', NULL, 0, 1, 'number(22,2)', NULL, 0);
insert into PP_IMPORT_COLUMN (IMPORT_TYPE_ID, TIME_STAMP, USER_ID, COLUMN_NAME, DESCRIPTION, IMPORT_COLUMN_NAME, IS_REQUIRED, PROCESSING_ORDER, COLUMN_TYPE, PARENT_TABLE, ALLOW_AUTOCREATE) values (53, sysdate, user, 'basis_4', 'Contributions (CIAC) Basis', NULL, 0, 1, 'number(22,2)', NULL, 0);
insert into PP_IMPORT_COLUMN (IMPORT_TYPE_ID, TIME_STAMP, USER_ID, COLUMN_NAME, DESCRIPTION, IMPORT_COLUMN_NAME, IS_REQUIRED, PROCESSING_ORDER, COLUMN_TYPE, PARENT_TABLE, ALLOW_AUTOCREATE) values (53, sysdate, user, 'basis_5', 'AFUDC Debt Basis', NULL, 0, 1, 'number(22,2)', NULL, 0);
insert into PP_IMPORT_COLUMN (IMPORT_TYPE_ID, TIME_STAMP, USER_ID, COLUMN_NAME, DESCRIPTION, IMPORT_COLUMN_NAME, IS_REQUIRED, PROCESSING_ORDER, COLUMN_TYPE, PARENT_TABLE, ALLOW_AUTOCREATE) values (53, sysdate, user, 'basis_6', 'AFUDC Equity Basis', NULL, 0, 1, 'number(22,2)', NULL, 0);
insert into PP_IMPORT_COLUMN (IMPORT_TYPE_ID, TIME_STAMP, USER_ID, COLUMN_NAME, DESCRIPTION, IMPORT_COLUMN_NAME, IS_REQUIRED, PROCESSING_ORDER, COLUMN_TYPE, PARENT_TABLE, ALLOW_AUTOCREATE) values (53, sysdate, user, 'basis_7', 'FAS34 Interest Basis', NULL, 0, 1, 'number(22,2)', NULL, 0);
insert into PP_IMPORT_COLUMN (IMPORT_TYPE_ID, TIME_STAMP, USER_ID, COLUMN_NAME, DESCRIPTION, IMPORT_COLUMN_NAME, IS_REQUIRED, PROCESSING_ORDER, COLUMN_TYPE, PARENT_TABLE, ALLOW_AUTOCREATE) values (53, sysdate, user, 'basis_8', 'CPI Tax Interest Basis', NULL, 0, 1, 'number(22,2)', NULL, 0);
insert into PP_IMPORT_COLUMN (IMPORT_TYPE_ID, TIME_STAMP, USER_ID, COLUMN_NAME, DESCRIPTION, IMPORT_COLUMN_NAME, IS_REQUIRED, PROCESSING_ORDER, COLUMN_TYPE, PARENT_TABLE, ALLOW_AUTOCREATE) values (53, sysdate, user, 'basis_9', 'Fair Market Valuation Adjustment Ba', NULL, 0, 1, 'number(22,2)', NULL, 0);
insert into PP_IMPORT_COLUMN (IMPORT_TYPE_ID, TIME_STAMP, USER_ID, COLUMN_NAME, DESCRIPTION, IMPORT_COLUMN_NAME, IS_REQUIRED, PROCESSING_ORDER, COLUMN_TYPE, PARENT_TABLE, ALLOW_AUTOCREATE) values (53, sysdate, user, 'basis_10', 'Overhead A&G Basis', NULL, 0, 1, 'number(22,2)', NULL, 0);
insert into PP_IMPORT_COLUMN (IMPORT_TYPE_ID, TIME_STAMP, USER_ID, COLUMN_NAME, DESCRIPTION, IMPORT_COLUMN_NAME, IS_REQUIRED, PROCESSING_ORDER, COLUMN_TYPE, PARENT_TABLE, ALLOW_AUTOCREATE) values (53, sysdate, user, 'basis_11', 'Other Overhead Basis', NULL, 0, 1, 'number(22,2)', NULL, 0);
insert into PP_IMPORT_COLUMN (IMPORT_TYPE_ID, TIME_STAMP, USER_ID, COLUMN_NAME, DESCRIPTION, IMPORT_COLUMN_NAME, IS_REQUIRED, PROCESSING_ORDER, COLUMN_TYPE, PARENT_TABLE, ALLOW_AUTOCREATE) values (53, sysdate, user, 'basis_12', 'Intangible Costs Basis', NULL, 0, 1, 'number(22,2)', NULL, 0);
insert into PP_IMPORT_COLUMN (IMPORT_TYPE_ID, TIME_STAMP, USER_ID, COLUMN_NAME, DESCRIPTION, IMPORT_COLUMN_NAME, IS_REQUIRED, PROCESSING_ORDER, COLUMN_TYPE, PARENT_TABLE, ALLOW_AUTOCREATE) values (53, sysdate, user, 'basis_13', 'ARO Basis', NULL, 0, 1, 'number(22,2)', NULL, 0);
insert into PP_IMPORT_COLUMN (IMPORT_TYPE_ID, TIME_STAMP, USER_ID, COLUMN_NAME, DESCRIPTION, IMPORT_COLUMN_NAME, IS_REQUIRED, PROCESSING_ORDER, COLUMN_TYPE, PARENT_TABLE, ALLOW_AUTOCREATE) values (53, sysdate, user, 'basis_14', 'Mixed Service Cost Basis', NULL, 0, 1, 'number(22,2)', NULL, 0);
insert into PP_IMPORT_COLUMN (IMPORT_TYPE_ID, TIME_STAMP, USER_ID, COLUMN_NAME, DESCRIPTION, IMPORT_COLUMN_NAME, IS_REQUIRED, PROCESSING_ORDER, COLUMN_TYPE, PARENT_TABLE, ALLOW_AUTOCREATE) values (53, sysdate, user, 'basis_15', 'Receding Face Offset Basis', NULL, 0, 1, 'number(22,2)', NULL, 0);
insert into PP_IMPORT_COLUMN (IMPORT_TYPE_ID, TIME_STAMP, USER_ID, COLUMN_NAME, DESCRIPTION, IMPORT_COLUMN_NAME, IS_REQUIRED, PROCESSING_ORDER, COLUMN_TYPE, PARENT_TABLE, ALLOW_AUTOCREATE) values (53, sysdate, user, 'basis_16', 'Meals Tax Offset Basis', NULL, 0, 1, 'number(22,2)', NULL, 0);
insert into PP_IMPORT_COLUMN (IMPORT_TYPE_ID, TIME_STAMP, USER_ID, COLUMN_NAME, DESCRIPTION, IMPORT_COLUMN_NAME, IS_REQUIRED, PROCESSING_ORDER, COLUMN_TYPE, PARENT_TABLE, ALLOW_AUTOCREATE) values (53, sysdate, user, 'basis_17', 'Empty (Label ME) Basis', NULL, 0, 1, 'number(22,2)', NULL, 0);
insert into PP_IMPORT_COLUMN (IMPORT_TYPE_ID, TIME_STAMP, USER_ID, COLUMN_NAME, DESCRIPTION, IMPORT_COLUMN_NAME, IS_REQUIRED, PROCESSING_ORDER, COLUMN_TYPE, PARENT_TABLE, ALLOW_AUTOCREATE) values (53, sysdate, user, 'basis_18', 'Development Costs Offset Basis', NULL, 0, 1, 'number(22,2)', NULL, 0);
insert into PP_IMPORT_COLUMN (IMPORT_TYPE_ID, TIME_STAMP, USER_ID, COLUMN_NAME, DESCRIPTION, IMPORT_COLUMN_NAME, IS_REQUIRED, PROCESSING_ORDER, COLUMN_TYPE, PARENT_TABLE, ALLOW_AUTOCREATE) values (53, sysdate, user, 'basis_19', 'IFRS_ARO Basis', NULL, 0, 1, 'number(22,2)', NULL, 0);
insert into PP_IMPORT_COLUMN (IMPORT_TYPE_ID, TIME_STAMP, USER_ID, COLUMN_NAME, DESCRIPTION, IMPORT_COLUMN_NAME, IS_REQUIRED, PROCESSING_ORDER, COLUMN_TYPE, PARENT_TABLE, ALLOW_AUTOCREATE) values (53, sysdate, user, 'basis_20', 'IFRS_Interest Basis', NULL, 0, 1, 'number(22,2)', NULL, 0);
insert into PP_IMPORT_COLUMN (IMPORT_TYPE_ID, TIME_STAMP, USER_ID, COLUMN_NAME, DESCRIPTION, IMPORT_COLUMN_NAME, IS_REQUIRED, PROCESSING_ORDER, COLUMN_TYPE, PARENT_TABLE, ALLOW_AUTOCREATE) values (53, sysdate, user, 'basis_21', 'IFRS_Overheads Basis', NULL, 0, 1, 'number(22,2)', NULL, 0);
insert into PP_IMPORT_COLUMN (IMPORT_TYPE_ID, TIME_STAMP, USER_ID, COLUMN_NAME, DESCRIPTION, IMPORT_COLUMN_NAME, IS_REQUIRED, PROCESSING_ORDER, COLUMN_TYPE, PARENT_TABLE, ALLOW_AUTOCREATE) values (53, sysdate, user, 'basis_22', 'IFRS_Overhauls Basis', NULL, 0, 1, 'number(22,2)', NULL, 0);
insert into PP_IMPORT_COLUMN (IMPORT_TYPE_ID, TIME_STAMP, USER_ID, COLUMN_NAME, DESCRIPTION, IMPORT_COLUMN_NAME, IS_REQUIRED, PROCESSING_ORDER, COLUMN_TYPE, PARENT_TABLE, ALLOW_AUTOCREATE) values (53, sysdate, user, 'basis_23', 'IFRS_CIAC_Deferred_Revenue Basis', NULL, 0, 1, 'number(22,2)', NULL, 0);
insert into PP_IMPORT_COLUMN (IMPORT_TYPE_ID, TIME_STAMP, USER_ID, COLUMN_NAME, DESCRIPTION, IMPORT_COLUMN_NAME, IS_REQUIRED, PROCESSING_ORDER, COLUMN_TYPE, PARENT_TABLE, ALLOW_AUTOCREATE) values (53, sysdate, user, 'basis_24', 'Tax Repairs Basis', NULL, 0, 1, 'number(22,2)', NULL, 0);
insert into PP_IMPORT_COLUMN (IMPORT_TYPE_ID, TIME_STAMP, USER_ID, COLUMN_NAME, DESCRIPTION, IMPORT_COLUMN_NAME, IS_REQUIRED, PROCESSING_ORDER, COLUMN_TYPE, PARENT_TABLE, ALLOW_AUTOCREATE) values (53, sysdate, user, 'basis_25', 'CPI - Reversal Basis', NULL, 0, 1, 'number(22,2)', NULL, 0);
insert into PP_IMPORT_COLUMN (IMPORT_TYPE_ID, TIME_STAMP, USER_ID, COLUMN_NAME, DESCRIPTION, IMPORT_COLUMN_NAME, IS_REQUIRED, PROCESSING_ORDER, COLUMN_TYPE, PARENT_TABLE, ALLOW_AUTOCREATE) values (53, sysdate, user, 'basis_26', 'Incremental AFUDC Debt Basis', NULL, 0, 1, 'number(22,2)', NULL, 0);
insert into PP_IMPORT_COLUMN (IMPORT_TYPE_ID, TIME_STAMP, USER_ID, COLUMN_NAME, DESCRIPTION, IMPORT_COLUMN_NAME, IS_REQUIRED, PROCESSING_ORDER, COLUMN_TYPE, PARENT_TABLE, ALLOW_AUTOCREATE) values (53, sysdate, user, 'basis_27', 'Incremental AFUDC Equity Basis', NULL, 0, 1, 'number(22,2)', NULL, 0);
insert into PP_IMPORT_COLUMN (IMPORT_TYPE_ID, TIME_STAMP, USER_ID, COLUMN_NAME, DESCRIPTION, IMPORT_COLUMN_NAME, IS_REQUIRED, PROCESSING_ORDER, COLUMN_TYPE, PARENT_TABLE, ALLOW_AUTOCREATE) values (53, sysdate, user, 'basis_28', 'Impairments - Asset Basis', NULL, 0, 1, 'number(22,2)', NULL, 0);
insert into PP_IMPORT_COLUMN (IMPORT_TYPE_ID, TIME_STAMP, USER_ID, COLUMN_NAME, DESCRIPTION, IMPORT_COLUMN_NAME, IS_REQUIRED, PROCESSING_ORDER, COLUMN_TYPE, PARENT_TABLE, ALLOW_AUTOCREATE) values (53, sysdate, user, 'basis_29', 'Impairments - Reserve Basis', NULL, 0, 1, 'number(22,2)', NULL, 0);
insert into PP_IMPORT_COLUMN (IMPORT_TYPE_ID, TIME_STAMP, USER_ID, COLUMN_NAME, DESCRIPTION, IMPORT_COLUMN_NAME, IS_REQUIRED, PROCESSING_ORDER, COLUMN_TYPE, PARENT_TABLE, ALLOW_AUTOCREATE) values (53, sysdate, user, 'basis_30', 'IFRS Impairments Basis', NULL, 0, 1, 'number(22,2)', NULL, 0);
insert into PP_IMPORT_COLUMN (IMPORT_TYPE_ID, TIME_STAMP, USER_ID, COLUMN_NAME, DESCRIPTION, IMPORT_COLUMN_NAME, IS_REQUIRED, PROCESSING_ORDER, COLUMN_TYPE, PARENT_TABLE, ALLOW_AUTOCREATE) values (53, sysdate, user, 'basis_31', 'Aquisition Adjustment Basis', NULL, 0, 1, 'number(22,2)', NULL, 0);
insert into PP_IMPORT_COLUMN (IMPORT_TYPE_ID, TIME_STAMP, USER_ID, COLUMN_NAME, DESCRIPTION, IMPORT_COLUMN_NAME, IS_REQUIRED, PROCESSING_ORDER, COLUMN_TYPE, PARENT_TABLE, ALLOW_AUTOCREATE) values (53, sysdate, user, 'basis_32', 'Prop Tax Basis Adjustment Basis', NULL, 0, 1, 'number(22,2)', NULL, 0);
insert into PP_IMPORT_COLUMN (IMPORT_TYPE_ID, TIME_STAMP, USER_ID, COLUMN_NAME, DESCRIPTION, IMPORT_COLUMN_NAME, IS_REQUIRED, PROCESSING_ORDER, COLUMN_TYPE, PARENT_TABLE, ALLOW_AUTOCREATE) values (53, sysdate, user, 'basis_33', 'Overtime Labor Basis', NULL, 0, 1, 'number(22,2)', NULL, 0);
insert into PP_IMPORT_COLUMN (IMPORT_TYPE_ID, TIME_STAMP, USER_ID, COLUMN_NAME, DESCRIPTION, IMPORT_COLUMN_NAME, IS_REQUIRED, PROCESSING_ORDER, COLUMN_TYPE, PARENT_TABLE, ALLOW_AUTOCREATE) values (53, sysdate, user, 'basis_34', 'Sales Tax Basis', NULL, 0, 1, 'number(22,2)', NULL, 0);
insert into PP_IMPORT_COLUMN (IMPORT_TYPE_ID, TIME_STAMP, USER_ID, COLUMN_NAME, DESCRIPTION, IMPORT_COLUMN_NAME, IS_REQUIRED, PROCESSING_ORDER, COLUMN_TYPE, PARENT_TABLE, ALLOW_AUTOCREATE) values (53, sysdate, user, 'basis_35', 'Warranty Costs Basis', NULL, 0, 1, 'number(22,2)', NULL, 0);
insert into PP_IMPORT_COLUMN (IMPORT_TYPE_ID, TIME_STAMP, USER_ID, COLUMN_NAME, DESCRIPTION, IMPORT_COLUMN_NAME, IS_REQUIRED, PROCESSING_ORDER, COLUMN_TYPE, PARENT_TABLE, ALLOW_AUTOCREATE) values (53, sysdate, user, 'basis_36', 'Engineering Drawings Basis', NULL, 0, 1, 'number(22,2)', NULL, 0);
insert into PP_IMPORT_COLUMN (IMPORT_TYPE_ID, TIME_STAMP, USER_ID, COLUMN_NAME, DESCRIPTION, IMPORT_COLUMN_NAME, IS_REQUIRED, PROCESSING_ORDER, COLUMN_TYPE, PARENT_TABLE, ALLOW_AUTOCREATE) values (53, sysdate, user, 'basis_37', 'Retirement Reversal Basis', NULL, 0, 1, 'number(22,2)', NULL, 0);
insert into PP_IMPORT_COLUMN (IMPORT_TYPE_ID, TIME_STAMP, USER_ID, COLUMN_NAME, DESCRIPTION, IMPORT_COLUMN_NAME, IS_REQUIRED, PROCESSING_ORDER, COLUMN_TYPE, PARENT_TABLE, ALLOW_AUTOCREATE) values (53, sysdate, user, 'basis_38', 'Basis 38', NULL, 0, 1, 'number(22,2)', NULL, 0);
insert into PP_IMPORT_COLUMN (IMPORT_TYPE_ID, TIME_STAMP, USER_ID, COLUMN_NAME, DESCRIPTION, IMPORT_COLUMN_NAME, IS_REQUIRED, PROCESSING_ORDER, COLUMN_TYPE, PARENT_TABLE, ALLOW_AUTOCREATE) values (53, sysdate, user, 'basis_39', 'Basis 39', NULL, 0, 1, 'number(22,2)', NULL, 0);
insert into PP_IMPORT_COLUMN (IMPORT_TYPE_ID, TIME_STAMP, USER_ID, COLUMN_NAME, DESCRIPTION, IMPORT_COLUMN_NAME, IS_REQUIRED, PROCESSING_ORDER, COLUMN_TYPE, PARENT_TABLE, ALLOW_AUTOCREATE) values (53, sysdate, user, 'basis_40', 'Basis 40', NULL, 0, 1, 'number(22,2)', NULL, 0);
insert into PP_IMPORT_COLUMN (IMPORT_TYPE_ID, TIME_STAMP, USER_ID, COLUMN_NAME, DESCRIPTION, IMPORT_COLUMN_NAME, IS_REQUIRED, PROCESSING_ORDER, COLUMN_TYPE, PARENT_TABLE, ALLOW_AUTOCREATE) values (53, sysdate, user, 'basis_41', 'Basis 41', NULL, 0, 1, 'number(22,2)', NULL, 0);
insert into PP_IMPORT_COLUMN (IMPORT_TYPE_ID, TIME_STAMP, USER_ID, COLUMN_NAME, DESCRIPTION, IMPORT_COLUMN_NAME, IS_REQUIRED, PROCESSING_ORDER, COLUMN_TYPE, PARENT_TABLE, ALLOW_AUTOCREATE) values (53, sysdate, user, 'basis_42', 'Basis 42', NULL, 0, 1, 'number(22,2)', NULL, 0);
insert into PP_IMPORT_COLUMN (IMPORT_TYPE_ID, TIME_STAMP, USER_ID, COLUMN_NAME, DESCRIPTION, IMPORT_COLUMN_NAME, IS_REQUIRED, PROCESSING_ORDER, COLUMN_TYPE, PARENT_TABLE, ALLOW_AUTOCREATE) values (53, sysdate, user, 'basis_43', 'Basis 43', NULL, 0, 1, 'number(22,2)', NULL, 0);
insert into PP_IMPORT_COLUMN (IMPORT_TYPE_ID, TIME_STAMP, USER_ID, COLUMN_NAME, DESCRIPTION, IMPORT_COLUMN_NAME, IS_REQUIRED, PROCESSING_ORDER, COLUMN_TYPE, PARENT_TABLE, ALLOW_AUTOCREATE) values (53, sysdate, user, 'basis_44', 'Basis 44', NULL, 0, 1, 'number(22,2)', NULL, 0);
insert into PP_IMPORT_COLUMN (IMPORT_TYPE_ID, TIME_STAMP, USER_ID, COLUMN_NAME, DESCRIPTION, IMPORT_COLUMN_NAME, IS_REQUIRED, PROCESSING_ORDER, COLUMN_TYPE, PARENT_TABLE, ALLOW_AUTOCREATE) values (53, sysdate, user, 'basis_45', 'Basis 45', NULL, 0, 1, 'number(22,2)', NULL, 0);
insert into PP_IMPORT_COLUMN (IMPORT_TYPE_ID, TIME_STAMP, USER_ID, COLUMN_NAME, DESCRIPTION, IMPORT_COLUMN_NAME, IS_REQUIRED, PROCESSING_ORDER, COLUMN_TYPE, PARENT_TABLE, ALLOW_AUTOCREATE) values (53, sysdate, user, 'basis_46', 'Basis 46', NULL, 0, 1, 'number(22,2)', NULL, 0);
insert into PP_IMPORT_COLUMN (IMPORT_TYPE_ID, TIME_STAMP, USER_ID, COLUMN_NAME, DESCRIPTION, IMPORT_COLUMN_NAME, IS_REQUIRED, PROCESSING_ORDER, COLUMN_TYPE, PARENT_TABLE, ALLOW_AUTOCREATE) values (53, sysdate, user, 'basis_47', 'Basis 47', NULL, 0, 1, 'number(22,2)', NULL, 0);
insert into PP_IMPORT_COLUMN (IMPORT_TYPE_ID, TIME_STAMP, USER_ID, COLUMN_NAME, DESCRIPTION, IMPORT_COLUMN_NAME, IS_REQUIRED, PROCESSING_ORDER, COLUMN_TYPE, PARENT_TABLE, ALLOW_AUTOCREATE) values (53, sysdate, user, 'basis_48', 'Basis 48', NULL, 0, 1, 'number(22,2)', NULL, 0);
insert into PP_IMPORT_COLUMN (IMPORT_TYPE_ID, TIME_STAMP, USER_ID, COLUMN_NAME, DESCRIPTION, IMPORT_COLUMN_NAME, IS_REQUIRED, PROCESSING_ORDER, COLUMN_TYPE, PARENT_TABLE, ALLOW_AUTOCREATE) values (53, sysdate, user, 'basis_49', 'Basis 49', NULL, 0, 1, 'number(22,2)', NULL, 0);
insert into PP_IMPORT_COLUMN (IMPORT_TYPE_ID, TIME_STAMP, USER_ID, COLUMN_NAME, DESCRIPTION, IMPORT_COLUMN_NAME, IS_REQUIRED, PROCESSING_ORDER, COLUMN_TYPE, PARENT_TABLE, ALLOW_AUTOCREATE) values (53, sysdate, user, 'basis_50', 'Basis 50', NULL, 0, 1, 'number(22,2)', NULL, 0);
insert into PP_IMPORT_COLUMN (IMPORT_TYPE_ID, TIME_STAMP, USER_ID, COLUMN_NAME, DESCRIPTION, IMPORT_COLUMN_NAME, IS_REQUIRED, PROCESSING_ORDER, COLUMN_TYPE, PARENT_TABLE, ALLOW_AUTOCREATE) values (53, sysdate, user, 'basis_51', 'Basis 51', NULL, 0, 1, 'number(22,2)', NULL, 0);
insert into PP_IMPORT_COLUMN (IMPORT_TYPE_ID, TIME_STAMP, USER_ID, COLUMN_NAME, DESCRIPTION, IMPORT_COLUMN_NAME, IS_REQUIRED, PROCESSING_ORDER, COLUMN_TYPE, PARENT_TABLE, ALLOW_AUTOCREATE) values (53, sysdate, user, 'basis_52', 'Basis 52', NULL, 0, 1, 'number(22,2)', NULL, 0);
insert into PP_IMPORT_COLUMN (IMPORT_TYPE_ID, TIME_STAMP, USER_ID, COLUMN_NAME, DESCRIPTION, IMPORT_COLUMN_NAME, IS_REQUIRED, PROCESSING_ORDER, COLUMN_TYPE, PARENT_TABLE, ALLOW_AUTOCREATE) values (53, sysdate, user, 'basis_53', 'Basis 53', NULL, 0, 1, 'number(22,2)', NULL, 0);
insert into PP_IMPORT_COLUMN (IMPORT_TYPE_ID, TIME_STAMP, USER_ID, COLUMN_NAME, DESCRIPTION, IMPORT_COLUMN_NAME, IS_REQUIRED, PROCESSING_ORDER, COLUMN_TYPE, PARENT_TABLE, ALLOW_AUTOCREATE) values (53, sysdate, user, 'basis_54', 'Basis 54', NULL, 0, 1, 'number(22,2)', NULL, 0);
insert into PP_IMPORT_COLUMN (IMPORT_TYPE_ID, TIME_STAMP, USER_ID, COLUMN_NAME, DESCRIPTION, IMPORT_COLUMN_NAME, IS_REQUIRED, PROCESSING_ORDER, COLUMN_TYPE, PARENT_TABLE, ALLOW_AUTOCREATE) values (53, sysdate, user, 'basis_55', 'Basis 55', NULL, 0, 1, 'number(22,2)', NULL, 0);
insert into PP_IMPORT_COLUMN (IMPORT_TYPE_ID, TIME_STAMP, USER_ID, COLUMN_NAME, DESCRIPTION, IMPORT_COLUMN_NAME, IS_REQUIRED, PROCESSING_ORDER, COLUMN_TYPE, PARENT_TABLE, ALLOW_AUTOCREATE) values (53, sysdate, user, 'comments', 'Comments', NULL, 0, 1, 'varchar2(2000)', NULL, 0);
insert into PP_IMPORT_COLUMN (IMPORT_TYPE_ID, TIME_STAMP, USER_ID, COLUMN_NAME, DESCRIPTION, IMPORT_COLUMN_NAME, IS_REQUIRED, PROCESSING_ORDER, COLUMN_TYPE, PARENT_TABLE, ALLOW_AUTOCREATE) values (53, sysdate, user, 'basis_56', 'Basis 56', NULL, 0, 1, 'number(22,2)', NULL, 0);
insert into PP_IMPORT_COLUMN (IMPORT_TYPE_ID, TIME_STAMP, USER_ID, COLUMN_NAME, DESCRIPTION, IMPORT_COLUMN_NAME, IS_REQUIRED, PROCESSING_ORDER, COLUMN_TYPE, PARENT_TABLE, ALLOW_AUTOCREATE) values (53, sysdate, user, 'basis_57', 'Basis 57', NULL, 0, 1, 'number(22,2)', NULL, 0);
insert into PP_IMPORT_COLUMN (IMPORT_TYPE_ID, TIME_STAMP, USER_ID, COLUMN_NAME, DESCRIPTION, IMPORT_COLUMN_NAME, IS_REQUIRED, PROCESSING_ORDER, COLUMN_TYPE, PARENT_TABLE, ALLOW_AUTOCREATE) values (53, sysdate, user, 'basis_58', 'Basis 58', NULL, 0, 1, 'number(22,2)', NULL, 0);
insert into PP_IMPORT_COLUMN (IMPORT_TYPE_ID, TIME_STAMP, USER_ID, COLUMN_NAME, DESCRIPTION, IMPORT_COLUMN_NAME, IS_REQUIRED, PROCESSING_ORDER, COLUMN_TYPE, PARENT_TABLE, ALLOW_AUTOCREATE) values (53, sysdate, user, 'basis_59', 'Basis 59', NULL, 0, 1, 'number(22,2)', NULL, 0);
insert into PP_IMPORT_COLUMN (IMPORT_TYPE_ID, TIME_STAMP, USER_ID, COLUMN_NAME, DESCRIPTION, IMPORT_COLUMN_NAME, IS_REQUIRED, PROCESSING_ORDER, COLUMN_TYPE, PARENT_TABLE, ALLOW_AUTOCREATE) values (53, sysdate, user, 'basis_60', 'Basis 60', NULL, 0, 1, 'number(22,2)', NULL, 0);
insert into PP_IMPORT_COLUMN (IMPORT_TYPE_ID, TIME_STAMP, USER_ID, COLUMN_NAME, DESCRIPTION, IMPORT_COLUMN_NAME, IS_REQUIRED, PROCESSING_ORDER, COLUMN_TYPE, PARENT_TABLE, ALLOW_AUTOCREATE) values (53, sysdate, user, 'basis_61', 'Basis 61', NULL, 0, 1, 'number(22,2)', NULL, 0);
insert into PP_IMPORT_COLUMN (IMPORT_TYPE_ID, TIME_STAMP, USER_ID, COLUMN_NAME, DESCRIPTION, IMPORT_COLUMN_NAME, IS_REQUIRED, PROCESSING_ORDER, COLUMN_TYPE, PARENT_TABLE, ALLOW_AUTOCREATE) values (53, sysdate, user, 'basis_62', 'Basis 62', NULL, 0, 1, 'number(22,2)', NULL, 0);
insert into PP_IMPORT_COLUMN (IMPORT_TYPE_ID, TIME_STAMP, USER_ID, COLUMN_NAME, DESCRIPTION, IMPORT_COLUMN_NAME, IS_REQUIRED, PROCESSING_ORDER, COLUMN_TYPE, PARENT_TABLE, ALLOW_AUTOCREATE) values (53, sysdate, user, 'basis_63', 'Basis 63', NULL, 0, 1, 'number(22,2)', NULL, 0);
insert into PP_IMPORT_COLUMN (IMPORT_TYPE_ID, TIME_STAMP, USER_ID, COLUMN_NAME, DESCRIPTION, IMPORT_COLUMN_NAME, IS_REQUIRED, PROCESSING_ORDER, COLUMN_TYPE, PARENT_TABLE, ALLOW_AUTOCREATE) values (53, sysdate, user, 'basis_64', 'Basis 64', NULL, 0, 1, 'number(22,2)', NULL, 0);
insert into PP_IMPORT_COLUMN (IMPORT_TYPE_ID, TIME_STAMP, USER_ID, COLUMN_NAME, DESCRIPTION, IMPORT_COLUMN_NAME, IS_REQUIRED, PROCESSING_ORDER, COLUMN_TYPE, PARENT_TABLE, ALLOW_AUTOCREATE) values (53, sysdate, user, 'basis_65', 'Basis 65', NULL, 0, 1, 'number(22,2)', NULL, 0);
insert into PP_IMPORT_COLUMN (IMPORT_TYPE_ID, TIME_STAMP, USER_ID, COLUMN_NAME, DESCRIPTION, IMPORT_COLUMN_NAME, IS_REQUIRED, PROCESSING_ORDER, COLUMN_TYPE, PARENT_TABLE, ALLOW_AUTOCREATE) values (53, sysdate, user, 'basis_66', 'Basis 66', NULL, 0, 1, 'number(22,2)', NULL, 0);
insert into PP_IMPORT_COLUMN (IMPORT_TYPE_ID, TIME_STAMP, USER_ID, COLUMN_NAME, DESCRIPTION, IMPORT_COLUMN_NAME, IS_REQUIRED, PROCESSING_ORDER, COLUMN_TYPE, PARENT_TABLE, ALLOW_AUTOCREATE) values (53, sysdate, user, 'basis_67', 'Basis 67', NULL, 0, 1, 'number(22,2)', NULL, 0);
insert into PP_IMPORT_COLUMN (IMPORT_TYPE_ID, TIME_STAMP, USER_ID, COLUMN_NAME, DESCRIPTION, IMPORT_COLUMN_NAME, IS_REQUIRED, PROCESSING_ORDER, COLUMN_TYPE, PARENT_TABLE, ALLOW_AUTOCREATE) values (53, sysdate, user, 'basis_68', 'Basis 68', NULL, 0, 1, 'number(22,2)', NULL, 0);
insert into PP_IMPORT_COLUMN (IMPORT_TYPE_ID, TIME_STAMP, USER_ID, COLUMN_NAME, DESCRIPTION, IMPORT_COLUMN_NAME, IS_REQUIRED, PROCESSING_ORDER, COLUMN_TYPE, PARENT_TABLE, ALLOW_AUTOCREATE) values (53, sysdate, user, 'basis_69', 'Basis 69', NULL, 0, 1, 'number(22,2)', NULL, 0);
insert into PP_IMPORT_COLUMN (IMPORT_TYPE_ID, TIME_STAMP, USER_ID, COLUMN_NAME, DESCRIPTION, IMPORT_COLUMN_NAME, IS_REQUIRED, PROCESSING_ORDER, COLUMN_TYPE, PARENT_TABLE, ALLOW_AUTOCREATE) values (53, sysdate, user, 'basis_70', 'Basis 70', NULL, 0, 1, 'number(22,2)', NULL, 0);
insert into PP_IMPORT_COLUMN (IMPORT_TYPE_ID, TIME_STAMP, USER_ID, COLUMN_NAME, DESCRIPTION, IMPORT_COLUMN_NAME, IS_REQUIRED, PROCESSING_ORDER, COLUMN_TYPE, PARENT_TABLE, ALLOW_AUTOCREATE) values (53, sysdate, user, 'subledger_indicator', 'Subledger Indicator', 'subledger_indicator_xlate', 1, 1, 'number(22,0)', 'subledger_control', 0);
insert into PP_IMPORT_COLUMN (IMPORT_TYPE_ID, TIME_STAMP, USER_ID, COLUMN_NAME, DESCRIPTION, IMPORT_COLUMN_NAME, IS_REQUIRED, PROCESSING_ORDER, COLUMN_TYPE, PARENT_TABLE, ALLOW_AUTOCREATE) values (54, sysdate, user, 'basis_1', 'Conversion Basis', NULL, 1, 1, 'number(22,2)', NULL, 0);
insert into PP_IMPORT_COLUMN (IMPORT_TYPE_ID, TIME_STAMP, USER_ID, COLUMN_NAME, DESCRIPTION, IMPORT_COLUMN_NAME, IS_REQUIRED, PROCESSING_ORDER, COLUMN_TYPE, PARENT_TABLE, ALLOW_AUTOCREATE) values (54, sysdate, user, 'basis_2', 'Direct Costs Basis', NULL, 0, 1, 'number(22,2)', NULL, 0);
insert into PP_IMPORT_COLUMN (IMPORT_TYPE_ID, TIME_STAMP, USER_ID, COLUMN_NAME, DESCRIPTION, IMPORT_COLUMN_NAME, IS_REQUIRED, PROCESSING_ORDER, COLUMN_TYPE, PARENT_TABLE, ALLOW_AUTOCREATE) values (54, sysdate, user, 'basis_3', 'Labor Basis', NULL, 0, 1, 'number(22,2)', NULL, 0);
insert into PP_IMPORT_COLUMN (IMPORT_TYPE_ID, TIME_STAMP, USER_ID, COLUMN_NAME, DESCRIPTION, IMPORT_COLUMN_NAME, IS_REQUIRED, PROCESSING_ORDER, COLUMN_TYPE, PARENT_TABLE, ALLOW_AUTOCREATE) values (54, sysdate, user, 'basis_4', 'Contributions (CIAC) Basis', NULL, 0, 1, 'number(22,2)', NULL, 0);
insert into PP_IMPORT_COLUMN (IMPORT_TYPE_ID, TIME_STAMP, USER_ID, COLUMN_NAME, DESCRIPTION, IMPORT_COLUMN_NAME, IS_REQUIRED, PROCESSING_ORDER, COLUMN_TYPE, PARENT_TABLE, ALLOW_AUTOCREATE) values (54, sysdate, user, 'basis_5', 'AFUDC Debt Basis', NULL, 0, 1, 'number(22,2)', NULL, 0);
insert into PP_IMPORT_COLUMN (IMPORT_TYPE_ID, TIME_STAMP, USER_ID, COLUMN_NAME, DESCRIPTION, IMPORT_COLUMN_NAME, IS_REQUIRED, PROCESSING_ORDER, COLUMN_TYPE, PARENT_TABLE, ALLOW_AUTOCREATE) values (54, sysdate, user, 'basis_6', 'AFUDC Equity Basis', NULL, 0, 1, 'number(22,2)', NULL, 0);
insert into PP_IMPORT_COLUMN (IMPORT_TYPE_ID, TIME_STAMP, USER_ID, COLUMN_NAME, DESCRIPTION, IMPORT_COLUMN_NAME, IS_REQUIRED, PROCESSING_ORDER, COLUMN_TYPE, PARENT_TABLE, ALLOW_AUTOCREATE) values (54, sysdate, user, 'basis_7', 'FAS34 Interest Basis', NULL, 0, 1, 'number(22,2)', NULL, 0);
insert into PP_IMPORT_COLUMN (IMPORT_TYPE_ID, TIME_STAMP, USER_ID, COLUMN_NAME, DESCRIPTION, IMPORT_COLUMN_NAME, IS_REQUIRED, PROCESSING_ORDER, COLUMN_TYPE, PARENT_TABLE, ALLOW_AUTOCREATE) values (54, sysdate, user, 'basis_8', 'CPI Tax Interest Basis', NULL, 0, 1, 'number(22,2)', NULL, 0);
insert into PP_IMPORT_COLUMN (IMPORT_TYPE_ID, TIME_STAMP, USER_ID, COLUMN_NAME, DESCRIPTION, IMPORT_COLUMN_NAME, IS_REQUIRED, PROCESSING_ORDER, COLUMN_TYPE, PARENT_TABLE, ALLOW_AUTOCREATE) values (54, sysdate, user, 'basis_9', 'Fair Market Valuation Adjustment Ba', NULL, 0, 1, 'number(22,2)', NULL, 0);
insert into PP_IMPORT_COLUMN (IMPORT_TYPE_ID, TIME_STAMP, USER_ID, COLUMN_NAME, DESCRIPTION, IMPORT_COLUMN_NAME, IS_REQUIRED, PROCESSING_ORDER, COLUMN_TYPE, PARENT_TABLE, ALLOW_AUTOCREATE) values (54, sysdate, user, 'basis_10', 'Overhead A&G Basis', NULL, 0, 1, 'number(22,2)', NULL, 0);
insert into PP_IMPORT_COLUMN (IMPORT_TYPE_ID, TIME_STAMP, USER_ID, COLUMN_NAME, DESCRIPTION, IMPORT_COLUMN_NAME, IS_REQUIRED, PROCESSING_ORDER, COLUMN_TYPE, PARENT_TABLE, ALLOW_AUTOCREATE) values (54, sysdate, user, 'basis_11', 'Other Overhead Basis', NULL, 0, 1, 'number(22,2)', NULL, 0);
insert into PP_IMPORT_COLUMN (IMPORT_TYPE_ID, TIME_STAMP, USER_ID, COLUMN_NAME, DESCRIPTION, IMPORT_COLUMN_NAME, IS_REQUIRED, PROCESSING_ORDER, COLUMN_TYPE, PARENT_TABLE, ALLOW_AUTOCREATE) values (54, sysdate, user, 'basis_12', 'Intangible Costs Basis', NULL, 0, 1, 'number(22,2)', NULL, 0);
insert into PP_IMPORT_COLUMN (IMPORT_TYPE_ID, TIME_STAMP, USER_ID, COLUMN_NAME, DESCRIPTION, IMPORT_COLUMN_NAME, IS_REQUIRED, PROCESSING_ORDER, COLUMN_TYPE, PARENT_TABLE, ALLOW_AUTOCREATE) values (54, sysdate, user, 'basis_13', 'ARO Basis', NULL, 0, 1, 'number(22,2)', NULL, 0);
insert into PP_IMPORT_COLUMN (IMPORT_TYPE_ID, TIME_STAMP, USER_ID, COLUMN_NAME, DESCRIPTION, IMPORT_COLUMN_NAME, IS_REQUIRED, PROCESSING_ORDER, COLUMN_TYPE, PARENT_TABLE, ALLOW_AUTOCREATE) values (54, sysdate, user, 'basis_14', 'Mixed Service Cost Basis', NULL, 0, 1, 'number(22,2)', NULL, 0);
insert into PP_IMPORT_COLUMN (IMPORT_TYPE_ID, TIME_STAMP, USER_ID, COLUMN_NAME, DESCRIPTION, IMPORT_COLUMN_NAME, IS_REQUIRED, PROCESSING_ORDER, COLUMN_TYPE, PARENT_TABLE, ALLOW_AUTOCREATE) values (54, sysdate, user, 'basis_15', 'Receding Face Offset Basis', NULL, 0, 1, 'number(22,2)', NULL, 0);
insert into PP_IMPORT_COLUMN (IMPORT_TYPE_ID, TIME_STAMP, USER_ID, COLUMN_NAME, DESCRIPTION, IMPORT_COLUMN_NAME, IS_REQUIRED, PROCESSING_ORDER, COLUMN_TYPE, PARENT_TABLE, ALLOW_AUTOCREATE) values (54, sysdate, user, 'basis_16', 'Meals Tax Offset Basis', NULL, 0, 1, 'number(22,2)', NULL, 0);
insert into PP_IMPORT_COLUMN (IMPORT_TYPE_ID, TIME_STAMP, USER_ID, COLUMN_NAME, DESCRIPTION, IMPORT_COLUMN_NAME, IS_REQUIRED, PROCESSING_ORDER, COLUMN_TYPE, PARENT_TABLE, ALLOW_AUTOCREATE) values (54, sysdate, user, 'basis_17', 'Empty (Label ME) Basis', NULL, 0, 1, 'number(22,2)', NULL, 0);
insert into PP_IMPORT_COLUMN (IMPORT_TYPE_ID, TIME_STAMP, USER_ID, COLUMN_NAME, DESCRIPTION, IMPORT_COLUMN_NAME, IS_REQUIRED, PROCESSING_ORDER, COLUMN_TYPE, PARENT_TABLE, ALLOW_AUTOCREATE) values (54, sysdate, user, 'basis_18', 'Development Costs Offset Basis', NULL, 0, 1, 'number(22,2)', NULL, 0);
insert into PP_IMPORT_COLUMN (IMPORT_TYPE_ID, TIME_STAMP, USER_ID, COLUMN_NAME, DESCRIPTION, IMPORT_COLUMN_NAME, IS_REQUIRED, PROCESSING_ORDER, COLUMN_TYPE, PARENT_TABLE, ALLOW_AUTOCREATE) values (54, sysdate, user, 'basis_19', 'IFRS_ARO Basis', NULL, 0, 1, 'number(22,2)', NULL, 0);
insert into PP_IMPORT_COLUMN (IMPORT_TYPE_ID, TIME_STAMP, USER_ID, COLUMN_NAME, DESCRIPTION, IMPORT_COLUMN_NAME, IS_REQUIRED, PROCESSING_ORDER, COLUMN_TYPE, PARENT_TABLE, ALLOW_AUTOCREATE) values (54, sysdate, user, 'basis_20', 'IFRS_Interest Basis', NULL, 0, 1, 'number(22,2)', NULL, 0);
insert into PP_IMPORT_COLUMN (IMPORT_TYPE_ID, TIME_STAMP, USER_ID, COLUMN_NAME, DESCRIPTION, IMPORT_COLUMN_NAME, IS_REQUIRED, PROCESSING_ORDER, COLUMN_TYPE, PARENT_TABLE, ALLOW_AUTOCREATE) values (54, sysdate, user, 'basis_21', 'IFRS_Overheads Basis', NULL, 0, 1, 'number(22,2)', NULL, 0);
insert into PP_IMPORT_COLUMN (IMPORT_TYPE_ID, TIME_STAMP, USER_ID, COLUMN_NAME, DESCRIPTION, IMPORT_COLUMN_NAME, IS_REQUIRED, PROCESSING_ORDER, COLUMN_TYPE, PARENT_TABLE, ALLOW_AUTOCREATE) values (54, sysdate, user, 'basis_22', 'IFRS_Overhauls Basis', NULL, 0, 1, 'number(22,2)', NULL, 0);
insert into PP_IMPORT_COLUMN (IMPORT_TYPE_ID, TIME_STAMP, USER_ID, COLUMN_NAME, DESCRIPTION, IMPORT_COLUMN_NAME, IS_REQUIRED, PROCESSING_ORDER, COLUMN_TYPE, PARENT_TABLE, ALLOW_AUTOCREATE) values (54, sysdate, user, 'basis_23', 'IFRS_CIAC_Deferred_Revenue Basis', NULL, 0, 1, 'number(22,2)', NULL, 0);
insert into PP_IMPORT_COLUMN (IMPORT_TYPE_ID, TIME_STAMP, USER_ID, COLUMN_NAME, DESCRIPTION, IMPORT_COLUMN_NAME, IS_REQUIRED, PROCESSING_ORDER, COLUMN_TYPE, PARENT_TABLE, ALLOW_AUTOCREATE) values (54, sysdate, user, 'basis_24', 'Tax Repairs Basis', NULL, 0, 1, 'number(22,2)', NULL, 0);
insert into PP_IMPORT_COLUMN (IMPORT_TYPE_ID, TIME_STAMP, USER_ID, COLUMN_NAME, DESCRIPTION, IMPORT_COLUMN_NAME, IS_REQUIRED, PROCESSING_ORDER, COLUMN_TYPE, PARENT_TABLE, ALLOW_AUTOCREATE) values (54, sysdate, user, 'basis_25', 'CPI - Reversal Basis', NULL, 0, 1, 'number(22,2)', NULL, 0);
insert into PP_IMPORT_COLUMN (IMPORT_TYPE_ID, TIME_STAMP, USER_ID, COLUMN_NAME, DESCRIPTION, IMPORT_COLUMN_NAME, IS_REQUIRED, PROCESSING_ORDER, COLUMN_TYPE, PARENT_TABLE, ALLOW_AUTOCREATE) values (54, sysdate, user, 'basis_26', 'Incremental AFUDC Debt Basis', NULL, 0, 1, 'number(22,2)', NULL, 0);
insert into PP_IMPORT_COLUMN (IMPORT_TYPE_ID, TIME_STAMP, USER_ID, COLUMN_NAME, DESCRIPTION, IMPORT_COLUMN_NAME, IS_REQUIRED, PROCESSING_ORDER, COLUMN_TYPE, PARENT_TABLE, ALLOW_AUTOCREATE) values (54, sysdate, user, 'basis_27', 'Incremental AFUDC Equity Basis', NULL, 0, 1, 'number(22,2)', NULL, 0);
insert into PP_IMPORT_COLUMN (IMPORT_TYPE_ID, TIME_STAMP, USER_ID, COLUMN_NAME, DESCRIPTION, IMPORT_COLUMN_NAME, IS_REQUIRED, PROCESSING_ORDER, COLUMN_TYPE, PARENT_TABLE, ALLOW_AUTOCREATE) values (54, sysdate, user, 'basis_28', 'Impairments - Asset Basis', NULL, 0, 1, 'number(22,2)', NULL, 0);
insert into PP_IMPORT_COLUMN (IMPORT_TYPE_ID, TIME_STAMP, USER_ID, COLUMN_NAME, DESCRIPTION, IMPORT_COLUMN_NAME, IS_REQUIRED, PROCESSING_ORDER, COLUMN_TYPE, PARENT_TABLE, ALLOW_AUTOCREATE) values (54, sysdate, user, 'basis_29', 'Impairments - Reserve Basis', NULL, 0, 1, 'number(22,2)', NULL, 0);
insert into PP_IMPORT_COLUMN (IMPORT_TYPE_ID, TIME_STAMP, USER_ID, COLUMN_NAME, DESCRIPTION, IMPORT_COLUMN_NAME, IS_REQUIRED, PROCESSING_ORDER, COLUMN_TYPE, PARENT_TABLE, ALLOW_AUTOCREATE) values (54, sysdate, user, 'basis_30', 'IFRS Impairments Basis', NULL, 0, 1, 'number(22,2)', NULL, 0);
insert into PP_IMPORT_COLUMN (IMPORT_TYPE_ID, TIME_STAMP, USER_ID, COLUMN_NAME, DESCRIPTION, IMPORT_COLUMN_NAME, IS_REQUIRED, PROCESSING_ORDER, COLUMN_TYPE, PARENT_TABLE, ALLOW_AUTOCREATE) values (54, sysdate, user, 'basis_31', 'Aquisition Adjustment Basis', NULL, 0, 1, 'number(22,2)', NULL, 0);
insert into PP_IMPORT_COLUMN (IMPORT_TYPE_ID, TIME_STAMP, USER_ID, COLUMN_NAME, DESCRIPTION, IMPORT_COLUMN_NAME, IS_REQUIRED, PROCESSING_ORDER, COLUMN_TYPE, PARENT_TABLE, ALLOW_AUTOCREATE) values (54, sysdate, user, 'basis_32', 'Prop Tax Basis Adjustment Basis', NULL, 0, 1, 'number(22,2)', NULL, 0);
insert into PP_IMPORT_COLUMN (IMPORT_TYPE_ID, TIME_STAMP, USER_ID, COLUMN_NAME, DESCRIPTION, IMPORT_COLUMN_NAME, IS_REQUIRED, PROCESSING_ORDER, COLUMN_TYPE, PARENT_TABLE, ALLOW_AUTOCREATE) values (54, sysdate, user, 'basis_33', 'Overtime Labor Basis', NULL, 0, 1, 'number(22,2)', NULL, 0);
insert into PP_IMPORT_COLUMN (IMPORT_TYPE_ID, TIME_STAMP, USER_ID, COLUMN_NAME, DESCRIPTION, IMPORT_COLUMN_NAME, IS_REQUIRED, PROCESSING_ORDER, COLUMN_TYPE, PARENT_TABLE, ALLOW_AUTOCREATE) values (54, sysdate, user, 'basis_34', 'Sales Tax Basis', NULL, 0, 1, 'number(22,2)', NULL, 0);
insert into PP_IMPORT_COLUMN (IMPORT_TYPE_ID, TIME_STAMP, USER_ID, COLUMN_NAME, DESCRIPTION, IMPORT_COLUMN_NAME, IS_REQUIRED, PROCESSING_ORDER, COLUMN_TYPE, PARENT_TABLE, ALLOW_AUTOCREATE) values (54, sysdate, user, 'basis_35', 'Warranty Costs Basis', NULL, 0, 1, 'number(22,2)', NULL, 0);
insert into PP_IMPORT_COLUMN (IMPORT_TYPE_ID, TIME_STAMP, USER_ID, COLUMN_NAME, DESCRIPTION, IMPORT_COLUMN_NAME, IS_REQUIRED, PROCESSING_ORDER, COLUMN_TYPE, PARENT_TABLE, ALLOW_AUTOCREATE) values (54, sysdate, user, 'basis_36', 'Engineering Drawings Basis', NULL, 0, 1, 'number(22,2)', NULL, 0);
insert into PP_IMPORT_COLUMN (IMPORT_TYPE_ID, TIME_STAMP, USER_ID, COLUMN_NAME, DESCRIPTION, IMPORT_COLUMN_NAME, IS_REQUIRED, PROCESSING_ORDER, COLUMN_TYPE, PARENT_TABLE, ALLOW_AUTOCREATE) values (54, sysdate, user, 'basis_37', 'Retirement Reversal Basis', NULL, 0, 1, 'number(22,2)', NULL, 0);
insert into PP_IMPORT_COLUMN (IMPORT_TYPE_ID, TIME_STAMP, USER_ID, COLUMN_NAME, DESCRIPTION, IMPORT_COLUMN_NAME, IS_REQUIRED, PROCESSING_ORDER, COLUMN_TYPE, PARENT_TABLE, ALLOW_AUTOCREATE) values (54, sysdate, user, 'basis_38', 'Basis 38', NULL, 0, 1, 'number(22,2)', NULL, 0);
insert into PP_IMPORT_COLUMN (IMPORT_TYPE_ID, TIME_STAMP, USER_ID, COLUMN_NAME, DESCRIPTION, IMPORT_COLUMN_NAME, IS_REQUIRED, PROCESSING_ORDER, COLUMN_TYPE, PARENT_TABLE, ALLOW_AUTOCREATE) values (54, sysdate, user, 'basis_39', 'Basis 39', NULL, 0, 1, 'number(22,2)', NULL, 0);
insert into PP_IMPORT_COLUMN (IMPORT_TYPE_ID, TIME_STAMP, USER_ID, COLUMN_NAME, DESCRIPTION, IMPORT_COLUMN_NAME, IS_REQUIRED, PROCESSING_ORDER, COLUMN_TYPE, PARENT_TABLE, ALLOW_AUTOCREATE) values (54, sysdate, user, 'basis_40', 'Basis 40', NULL, 0, 1, 'number(22,2)', NULL, 0);
insert into PP_IMPORT_COLUMN (IMPORT_TYPE_ID, TIME_STAMP, USER_ID, COLUMN_NAME, DESCRIPTION, IMPORT_COLUMN_NAME, IS_REQUIRED, PROCESSING_ORDER, COLUMN_TYPE, PARENT_TABLE, ALLOW_AUTOCREATE) values (54, sysdate, user, 'basis_41', 'Basis 41', NULL, 0, 1, 'number(22,2)', NULL, 0);
insert into PP_IMPORT_COLUMN (IMPORT_TYPE_ID, TIME_STAMP, USER_ID, COLUMN_NAME, DESCRIPTION, IMPORT_COLUMN_NAME, IS_REQUIRED, PROCESSING_ORDER, COLUMN_TYPE, PARENT_TABLE, ALLOW_AUTOCREATE) values (54, sysdate, user, 'basis_42', 'Basis 42', NULL, 0, 1, 'number(22,2)', NULL, 0);
insert into PP_IMPORT_COLUMN (IMPORT_TYPE_ID, TIME_STAMP, USER_ID, COLUMN_NAME, DESCRIPTION, IMPORT_COLUMN_NAME, IS_REQUIRED, PROCESSING_ORDER, COLUMN_TYPE, PARENT_TABLE, ALLOW_AUTOCREATE) values (54, sysdate, user, 'basis_43', 'Basis 43', NULL, 0, 1, 'number(22,2)', NULL, 0);
insert into PP_IMPORT_COLUMN (IMPORT_TYPE_ID, TIME_STAMP, USER_ID, COLUMN_NAME, DESCRIPTION, IMPORT_COLUMN_NAME, IS_REQUIRED, PROCESSING_ORDER, COLUMN_TYPE, PARENT_TABLE, ALLOW_AUTOCREATE) values (54, sysdate, user, 'basis_44', 'Basis 44', NULL, 0, 1, 'number(22,2)', NULL, 0);
insert into PP_IMPORT_COLUMN (IMPORT_TYPE_ID, TIME_STAMP, USER_ID, COLUMN_NAME, DESCRIPTION, IMPORT_COLUMN_NAME, IS_REQUIRED, PROCESSING_ORDER, COLUMN_TYPE, PARENT_TABLE, ALLOW_AUTOCREATE) values (54, sysdate, user, 'basis_45', 'Basis 45', NULL, 0, 1, 'number(22,2)', NULL, 0);
insert into PP_IMPORT_COLUMN (IMPORT_TYPE_ID, TIME_STAMP, USER_ID, COLUMN_NAME, DESCRIPTION, IMPORT_COLUMN_NAME, IS_REQUIRED, PROCESSING_ORDER, COLUMN_TYPE, PARENT_TABLE, ALLOW_AUTOCREATE) values (54, sysdate, user, 'basis_46', 'Basis 46', NULL, 0, 1, 'number(22,2)', NULL, 0);
insert into PP_IMPORT_COLUMN (IMPORT_TYPE_ID, TIME_STAMP, USER_ID, COLUMN_NAME, DESCRIPTION, IMPORT_COLUMN_NAME, IS_REQUIRED, PROCESSING_ORDER, COLUMN_TYPE, PARENT_TABLE, ALLOW_AUTOCREATE) values (54, sysdate, user, 'basis_47', 'Basis 47', NULL, 0, 1, 'number(22,2)', NULL, 0);
insert into PP_IMPORT_COLUMN (IMPORT_TYPE_ID, TIME_STAMP, USER_ID, COLUMN_NAME, DESCRIPTION, IMPORT_COLUMN_NAME, IS_REQUIRED, PROCESSING_ORDER, COLUMN_TYPE, PARENT_TABLE, ALLOW_AUTOCREATE) values (54, sysdate, user, 'basis_48', 'Basis 48', NULL, 0, 1, 'number(22,2)', NULL, 0);
insert into PP_IMPORT_COLUMN (IMPORT_TYPE_ID, TIME_STAMP, USER_ID, COLUMN_NAME, DESCRIPTION, IMPORT_COLUMN_NAME, IS_REQUIRED, PROCESSING_ORDER, COLUMN_TYPE, PARENT_TABLE, ALLOW_AUTOCREATE) values (54, sysdate, user, 'basis_49', 'Basis 49', NULL, 0, 1, 'number(22,2)', NULL, 0);
insert into PP_IMPORT_COLUMN (IMPORT_TYPE_ID, TIME_STAMP, USER_ID, COLUMN_NAME, DESCRIPTION, IMPORT_COLUMN_NAME, IS_REQUIRED, PROCESSING_ORDER, COLUMN_TYPE, PARENT_TABLE, ALLOW_AUTOCREATE) values (54, sysdate, user, 'basis_50', 'Basis 50', NULL, 0, 1, 'number(22,2)', NULL, 0);
insert into PP_IMPORT_COLUMN (IMPORT_TYPE_ID, TIME_STAMP, USER_ID, COLUMN_NAME, DESCRIPTION, IMPORT_COLUMN_NAME, IS_REQUIRED, PROCESSING_ORDER, COLUMN_TYPE, PARENT_TABLE, ALLOW_AUTOCREATE) values (54, sysdate, user, 'basis_51', 'Basis 51', NULL, 0, 1, 'number(22,2)', NULL, 0);
insert into PP_IMPORT_COLUMN (IMPORT_TYPE_ID, TIME_STAMP, USER_ID, COLUMN_NAME, DESCRIPTION, IMPORT_COLUMN_NAME, IS_REQUIRED, PROCESSING_ORDER, COLUMN_TYPE, PARENT_TABLE, ALLOW_AUTOCREATE) values (54, sysdate, user, 'basis_52', 'Basis 52', NULL, 0, 1, 'number(22,2)', NULL, 0);
insert into PP_IMPORT_COLUMN (IMPORT_TYPE_ID, TIME_STAMP, USER_ID, COLUMN_NAME, DESCRIPTION, IMPORT_COLUMN_NAME, IS_REQUIRED, PROCESSING_ORDER, COLUMN_TYPE, PARENT_TABLE, ALLOW_AUTOCREATE) values (54, sysdate, user, 'basis_53', 'Basis 53', NULL, 0, 1, 'number(22,2)', NULL, 0);
insert into PP_IMPORT_COLUMN (IMPORT_TYPE_ID, TIME_STAMP, USER_ID, COLUMN_NAME, DESCRIPTION, IMPORT_COLUMN_NAME, IS_REQUIRED, PROCESSING_ORDER, COLUMN_TYPE, PARENT_TABLE, ALLOW_AUTOCREATE) values (54, sysdate, user, 'basis_54', 'Basis 54', NULL, 0, 1, 'number(22,2)', NULL, 0);
insert into PP_IMPORT_COLUMN (IMPORT_TYPE_ID, TIME_STAMP, USER_ID, COLUMN_NAME, DESCRIPTION, IMPORT_COLUMN_NAME, IS_REQUIRED, PROCESSING_ORDER, COLUMN_TYPE, PARENT_TABLE, ALLOW_AUTOCREATE) values (54, sysdate, user, 'basis_55', 'Basis 55', NULL, 0, 1, 'number(22,2)', NULL, 0);
insert into PP_IMPORT_COLUMN (IMPORT_TYPE_ID, TIME_STAMP, USER_ID, COLUMN_NAME, DESCRIPTION, IMPORT_COLUMN_NAME, IS_REQUIRED, PROCESSING_ORDER, COLUMN_TYPE, PARENT_TABLE, ALLOW_AUTOCREATE) values (54, sysdate, user, 'basis_56', 'Basis 56', NULL, 0, 1, 'number(22,2)', NULL, 0);
insert into PP_IMPORT_COLUMN (IMPORT_TYPE_ID, TIME_STAMP, USER_ID, COLUMN_NAME, DESCRIPTION, IMPORT_COLUMN_NAME, IS_REQUIRED, PROCESSING_ORDER, COLUMN_TYPE, PARENT_TABLE, ALLOW_AUTOCREATE) values (54, sysdate, user, 'basis_57', 'Basis 57', NULL, 0, 1, 'number(22,2)', NULL, 0);
insert into PP_IMPORT_COLUMN (IMPORT_TYPE_ID, TIME_STAMP, USER_ID, COLUMN_NAME, DESCRIPTION, IMPORT_COLUMN_NAME, IS_REQUIRED, PROCESSING_ORDER, COLUMN_TYPE, PARENT_TABLE, ALLOW_AUTOCREATE) values (54, sysdate, user, 'basis_58', 'Basis 58', NULL, 0, 1, 'number(22,2)', NULL, 0);
insert into PP_IMPORT_COLUMN (IMPORT_TYPE_ID, TIME_STAMP, USER_ID, COLUMN_NAME, DESCRIPTION, IMPORT_COLUMN_NAME, IS_REQUIRED, PROCESSING_ORDER, COLUMN_TYPE, PARENT_TABLE, ALLOW_AUTOCREATE) values (54, sysdate, user, 'basis_59', 'Basis 59', NULL, 0, 1, 'number(22,2)', NULL, 0);
insert into PP_IMPORT_COLUMN (IMPORT_TYPE_ID, TIME_STAMP, USER_ID, COLUMN_NAME, DESCRIPTION, IMPORT_COLUMN_NAME, IS_REQUIRED, PROCESSING_ORDER, COLUMN_TYPE, PARENT_TABLE, ALLOW_AUTOCREATE) values (54, sysdate, user, 'basis_60', 'Basis 60', NULL, 0, 1, 'number(22,2)', NULL, 0);
insert into PP_IMPORT_COLUMN (IMPORT_TYPE_ID, TIME_STAMP, USER_ID, COLUMN_NAME, DESCRIPTION, IMPORT_COLUMN_NAME, IS_REQUIRED, PROCESSING_ORDER, COLUMN_TYPE, PARENT_TABLE, ALLOW_AUTOCREATE) values (54, sysdate, user, 'basis_61', 'Basis 61', NULL, 0, 1, 'number(22,2)', NULL, 0);
insert into PP_IMPORT_COLUMN (IMPORT_TYPE_ID, TIME_STAMP, USER_ID, COLUMN_NAME, DESCRIPTION, IMPORT_COLUMN_NAME, IS_REQUIRED, PROCESSING_ORDER, COLUMN_TYPE, PARENT_TABLE, ALLOW_AUTOCREATE) values (54, sysdate, user, 'basis_62', 'Basis 62', NULL, 0, 1, 'number(22,2)', NULL, 0);
insert into PP_IMPORT_COLUMN (IMPORT_TYPE_ID, TIME_STAMP, USER_ID, COLUMN_NAME, DESCRIPTION, IMPORT_COLUMN_NAME, IS_REQUIRED, PROCESSING_ORDER, COLUMN_TYPE, PARENT_TABLE, ALLOW_AUTOCREATE) values (54, sysdate, user, 'basis_63', 'Basis 63', NULL, 0, 1, 'number(22,2)', NULL, 0);
insert into PP_IMPORT_COLUMN (IMPORT_TYPE_ID, TIME_STAMP, USER_ID, COLUMN_NAME, DESCRIPTION, IMPORT_COLUMN_NAME, IS_REQUIRED, PROCESSING_ORDER, COLUMN_TYPE, PARENT_TABLE, ALLOW_AUTOCREATE) values (54, sysdate, user, 'basis_64', 'Basis 64', NULL, 0, 1, 'number(22,2)', NULL, 0);
insert into PP_IMPORT_COLUMN (IMPORT_TYPE_ID, TIME_STAMP, USER_ID, COLUMN_NAME, DESCRIPTION, IMPORT_COLUMN_NAME, IS_REQUIRED, PROCESSING_ORDER, COLUMN_TYPE, PARENT_TABLE, ALLOW_AUTOCREATE) values (54, sysdate, user, 'basis_65', 'Basis 65', NULL, 0, 1, 'number(22,2)', NULL, 0);
insert into PP_IMPORT_COLUMN (IMPORT_TYPE_ID, TIME_STAMP, USER_ID, COLUMN_NAME, DESCRIPTION, IMPORT_COLUMN_NAME, IS_REQUIRED, PROCESSING_ORDER, COLUMN_TYPE, PARENT_TABLE, ALLOW_AUTOCREATE) values (54, sysdate, user, 'basis_66', 'Basis 66', NULL, 0, 1, 'number(22,2)', NULL, 0);
insert into PP_IMPORT_COLUMN (IMPORT_TYPE_ID, TIME_STAMP, USER_ID, COLUMN_NAME, DESCRIPTION, IMPORT_COLUMN_NAME, IS_REQUIRED, PROCESSING_ORDER, COLUMN_TYPE, PARENT_TABLE, ALLOW_AUTOCREATE) values (54, sysdate, user, 'basis_67', 'Basis 67', NULL, 0, 1, 'number(22,2)', NULL, 0);
insert into PP_IMPORT_COLUMN (IMPORT_TYPE_ID, TIME_STAMP, USER_ID, COLUMN_NAME, DESCRIPTION, IMPORT_COLUMN_NAME, IS_REQUIRED, PROCESSING_ORDER, COLUMN_TYPE, PARENT_TABLE, ALLOW_AUTOCREATE) values (54, sysdate, user, 'basis_68', 'Basis 68', NULL, 0, 1, 'number(22,2)', NULL, 0);
insert into PP_IMPORT_COLUMN (IMPORT_TYPE_ID, TIME_STAMP, USER_ID, COLUMN_NAME, DESCRIPTION, IMPORT_COLUMN_NAME, IS_REQUIRED, PROCESSING_ORDER, COLUMN_TYPE, PARENT_TABLE, ALLOW_AUTOCREATE) values (54, sysdate, user, 'basis_69', 'Basis 69', NULL, 0, 1, 'number(22,2)', NULL, 0);
insert into PP_IMPORT_COLUMN (IMPORT_TYPE_ID, TIME_STAMP, USER_ID, COLUMN_NAME, DESCRIPTION, IMPORT_COLUMN_NAME, IS_REQUIRED, PROCESSING_ORDER, COLUMN_TYPE, PARENT_TABLE, ALLOW_AUTOCREATE) values (54, sysdate, user, 'basis_70', 'Basis 70', NULL, 0, 1, 'number(22,2)', NULL, 0);
insert into PP_IMPORT_COLUMN (IMPORT_TYPE_ID, TIME_STAMP, USER_ID, COLUMN_NAME, DESCRIPTION, IMPORT_COLUMN_NAME, IS_REQUIRED, PROCESSING_ORDER, COLUMN_TYPE, PARENT_TABLE, ALLOW_AUTOCREATE) values (54, sysdate, user, 'comments', 'Comments', NULL, 0, 1, 'varchar2(2000)', NULL, 0);
insert into PP_IMPORT_COLUMN (IMPORT_TYPE_ID, TIME_STAMP, USER_ID, COLUMN_NAME, DESCRIPTION, IMPORT_COLUMN_NAME, IS_REQUIRED, PROCESSING_ORDER, COLUMN_TYPE, PARENT_TABLE, ALLOW_AUTOCREATE) values (54, sysdate, user, 'company_id', 'Company', 'company_id_xlate', 1, 1, 'number(22,0)', 'company', 0);
insert into PP_IMPORT_COLUMN (IMPORT_TYPE_ID, TIME_STAMP, USER_ID, COLUMN_NAME, DESCRIPTION, IMPORT_COLUMN_NAME, IS_REQUIRED, PROCESSING_ORDER, COLUMN_TYPE, PARENT_TABLE, ALLOW_AUTOCREATE) values (54, sysdate, user, 'eng_in_service_year', 'Eng In Service Year', NULL, 0, 1, 'monthnum', 'cpr_ledger', 0);
insert into PP_IMPORT_COLUMN (IMPORT_TYPE_ID, TIME_STAMP, USER_ID, COLUMN_NAME, DESCRIPTION, IMPORT_COLUMN_NAME, IS_REQUIRED, PROCESSING_ORDER, COLUMN_TYPE, PARENT_TABLE, ALLOW_AUTOCREATE) values (54, sysdate, user, 'asset_id', 'Asset Id', 'asset_id_xlate', 1, 2, 'number(22,0)', 'cpr_ledger', 0);
insert into PP_IMPORT_COLUMN (IMPORT_TYPE_ID, TIME_STAMP, USER_ID, COLUMN_NAME, DESCRIPTION, IMPORT_COLUMN_NAME, IS_REQUIRED, PROCESSING_ORDER, COLUMN_TYPE, PARENT_TABLE, ALLOW_AUTOCREATE) values (54, sysdate, user, 'gl_posting_mo_yr', 'Gl Posting Mo Yr', NULL, 1, 1, 'monthnum', NULL, 0);
insert into PP_IMPORT_COLUMN (IMPORT_TYPE_ID, TIME_STAMP, USER_ID, COLUMN_NAME, DESCRIPTION, IMPORT_COLUMN_NAME, IS_REQUIRED, PROCESSING_ORDER, COLUMN_TYPE, PARENT_TABLE, ALLOW_AUTOCREATE) values (54, sysdate, user, 'act_work_order_number', 'Act Work Order Number', NULL, 1, 1, 'varchar2(35)', NULL, 0);
insert into PP_IMPORT_COLUMN (IMPORT_TYPE_ID, TIME_STAMP, USER_ID, COLUMN_NAME, DESCRIPTION, IMPORT_COLUMN_NAME, IS_REQUIRED, PROCESSING_ORDER, COLUMN_TYPE, PARENT_TABLE, ALLOW_AUTOCREATE) values (54, sysdate, user, 'activity_code', 'Activity Code', 'activity_code_xlate', 1, 1, 'char(8)', 'activity_code', 0);
insert into PP_IMPORT_COLUMN (IMPORT_TYPE_ID, TIME_STAMP, USER_ID, COLUMN_NAME, DESCRIPTION, IMPORT_COLUMN_NAME, IS_REQUIRED, PROCESSING_ORDER, COLUMN_TYPE, PARENT_TABLE, ALLOW_AUTOCREATE) values (54, sysdate, user, 'ferc_activity_code', 'Ferc Activity Code', 'ferc_activity_code_xlate', 0, 1, 'number(22,0)', 'ferc_activity_code', 0);
insert into PP_IMPORT_COLUMN (IMPORT_TYPE_ID, TIME_STAMP, USER_ID, COLUMN_NAME, DESCRIPTION, IMPORT_COLUMN_NAME, IS_REQUIRED, PROCESSING_ORDER, COLUMN_TYPE, PARENT_TABLE, ALLOW_AUTOCREATE) values (54, sysdate, user, 'act_description', 'Act Description', NULL, 0, 1, 'varchar2(35)', NULL, 0);
insert into PP_IMPORT_COLUMN (IMPORT_TYPE_ID, TIME_STAMP, USER_ID, COLUMN_NAME, DESCRIPTION, IMPORT_COLUMN_NAME, IS_REQUIRED, PROCESSING_ORDER, COLUMN_TYPE, PARENT_TABLE, ALLOW_AUTOCREATE) values (54, sysdate, user, 'act_long_description', 'Act Long Description', NULL, 1, 1, 'varchar2(254)', NULL, 0);
insert into PP_IMPORT_COLUMN (IMPORT_TYPE_ID, TIME_STAMP, USER_ID, COLUMN_NAME, DESCRIPTION, IMPORT_COLUMN_NAME, IS_REQUIRED, PROCESSING_ORDER, COLUMN_TYPE, PARENT_TABLE, ALLOW_AUTOCREATE) values (54, sysdate, user, 'activity_quantity', 'Activity Quantity', NULL, 1, 1, 'number(22,2)', NULL, 0);
insert into PP_IMPORT_COLUMN (IMPORT_TYPE_ID, TIME_STAMP, USER_ID, COLUMN_NAME, DESCRIPTION, IMPORT_COLUMN_NAME, IS_REQUIRED, PROCESSING_ORDER, COLUMN_TYPE, PARENT_TABLE, ALLOW_AUTOCREATE) values (54, sysdate, user, 'user_id1', 'User 1', NULL, 0, 1, 'varchar2(18)', NULL, 0);
insert into PP_IMPORT_COLUMN (IMPORT_TYPE_ID, TIME_STAMP, USER_ID, COLUMN_NAME, DESCRIPTION, IMPORT_COLUMN_NAME, IS_REQUIRED, PROCESSING_ORDER, COLUMN_TYPE, PARENT_TABLE, ALLOW_AUTOCREATE) values (54, sysdate, user, 'user_id2', 'User 2', NULL, 0, 1, 'varchar2(18)', NULL, 0);
insert into PP_IMPORT_COLUMN (IMPORT_TYPE_ID, TIME_STAMP, USER_ID, COLUMN_NAME, DESCRIPTION, IMPORT_COLUMN_NAME, IS_REQUIRED, PROCESSING_ORDER, COLUMN_TYPE, PARENT_TABLE, ALLOW_AUTOCREATE) values (54, sysdate, user, 'user_id3', 'User 3', NULL, 0, 1, 'varchar2(18)', NULL, 0);
insert into PP_IMPORT_COLUMN (IMPORT_TYPE_ID, TIME_STAMP, USER_ID, COLUMN_NAME, DESCRIPTION, IMPORT_COLUMN_NAME, IS_REQUIRED, PROCESSING_ORDER, COLUMN_TYPE, PARENT_TABLE, ALLOW_AUTOCREATE) values (54, sysdate, user, 'gl_je_code', 'Gl Je Code', 'gl_je_code_xlate', 0, 1, 'char(18)', 'standard_journal_entries', 0);
insert into PP_IMPORT_COLUMN (IMPORT_TYPE_ID, TIME_STAMP, USER_ID, COLUMN_NAME, DESCRIPTION, IMPORT_COLUMN_NAME, IS_REQUIRED, PROCESSING_ORDER, COLUMN_TYPE, PARENT_TABLE, ALLOW_AUTOCREATE) values (54, sysdate, user, 'disposition_code', 'Disposition Code', 'disposition_code_xlate', 0, 1, 'number(22,0)', 'disposition_code', 0);
insert into PP_IMPORT_COLUMN (IMPORT_TYPE_ID, TIME_STAMP, USER_ID, COLUMN_NAME, DESCRIPTION, IMPORT_COLUMN_NAME, IS_REQUIRED, PROCESSING_ORDER, COLUMN_TYPE, PARENT_TABLE, ALLOW_AUTOCREATE) values (54, sysdate, user, 'out_of_service_mo_yr', 'Out Of Service Mo Yr', NULL, 0, 1, 'monthnum', NULL, 0);
insert into PP_IMPORT_COLUMN (IMPORT_TYPE_ID, TIME_STAMP, USER_ID, COLUMN_NAME, DESCRIPTION, IMPORT_COLUMN_NAME, IS_REQUIRED, PROCESSING_ORDER, COLUMN_TYPE, PARENT_TABLE, ALLOW_AUTOCREATE) values (54, sysdate, user, 'cpr_posting_mo_yr', 'Cpr Posting Mo Yr', NULL, 0, 1, 'monthnum', NULL, 0);
insert into PP_IMPORT_COLUMN (IMPORT_TYPE_ID, TIME_STAMP, USER_ID, COLUMN_NAME, DESCRIPTION, IMPORT_COLUMN_NAME, IS_REQUIRED, PROCESSING_ORDER, COLUMN_TYPE, PARENT_TABLE, ALLOW_AUTOCREATE) values (54, sysdate, user, 'month_number', 'Month Number', NULL, 0, 1, 'monthnum', NULL, 0);
insert into PP_IMPORT_COLUMN (IMPORT_TYPE_ID, TIME_STAMP, USER_ID, COLUMN_NAME, DESCRIPTION, IMPORT_COLUMN_NAME, IS_REQUIRED, PROCESSING_ORDER, COLUMN_TYPE, PARENT_TABLE, ALLOW_AUTOCREATE) values (54, sysdate, user, 'activity_cost_2', 'Activity Cost 2', NULL, 0, 1, 'number(22,2)', NULL, 0);
insert into PP_IMPORT_COLUMN (IMPORT_TYPE_ID, TIME_STAMP, USER_ID, COLUMN_NAME, DESCRIPTION, IMPORT_COLUMN_NAME, IS_REQUIRED, PROCESSING_ORDER, COLUMN_TYPE, PARENT_TABLE, ALLOW_AUTOCREATE) values (54, sysdate, user, 'act_second_financial_cost', 'Act Second Financial Cost', NULL, 0, 1, 'number(22,2)', NULL, 0);
insert into PP_IMPORT_COLUMN (IMPORT_TYPE_ID, TIME_STAMP, USER_ID, COLUMN_NAME, DESCRIPTION, IMPORT_COLUMN_NAME, IS_REQUIRED, PROCESSING_ORDER, COLUMN_TYPE, PARENT_TABLE, ALLOW_AUTOCREATE) values (55, sysdate, user, 'asset_id', 'Asset Id', 'asset_id_xlate', 1, 2, 'number(22,0)', 'cpr_ledger', 0);
insert into PP_IMPORT_COLUMN (IMPORT_TYPE_ID, TIME_STAMP, USER_ID, COLUMN_NAME, DESCRIPTION, IMPORT_COLUMN_NAME, IS_REQUIRED, PROCESSING_ORDER, COLUMN_TYPE, PARENT_TABLE, ALLOW_AUTOCREATE) values (55, sysdate, user, 'company_id', 'Company', 'company_id_xlate', 1, 1, 'number(22,0)', 'company', 0);
insert into PP_IMPORT_COLUMN (IMPORT_TYPE_ID, TIME_STAMP, USER_ID, COLUMN_NAME, DESCRIPTION, IMPORT_COLUMN_NAME, IS_REQUIRED, PROCESSING_ORDER, COLUMN_TYPE, PARENT_TABLE, ALLOW_AUTOCREATE) values (55, sysdate, user, 'eng_in_service_year', 'Eng In Service Year', NULL, 0, 1, 'monthnum', 'cpr_ledger', 0);
insert into PP_IMPORT_COLUMN (IMPORT_TYPE_ID, TIME_STAMP, USER_ID, COLUMN_NAME, DESCRIPTION, IMPORT_COLUMN_NAME, IS_REQUIRED, PROCESSING_ORDER, COLUMN_TYPE, PARENT_TABLE, ALLOW_AUTOCREATE) values (55, sysdate, user, 'class_code_id', 'Class Code', 'class_code_id_xlate', 1, 1, 'number(22,0)', 'class_code', 0);
insert into PP_IMPORT_COLUMN (IMPORT_TYPE_ID, TIME_STAMP, USER_ID, COLUMN_NAME, DESCRIPTION, IMPORT_COLUMN_NAME, IS_REQUIRED, PROCESSING_ORDER, COLUMN_TYPE, PARENT_TABLE, ALLOW_AUTOCREATE) values (55, sysdate, user, 'class_code_value', 'Class Code Value', NULL, 1, 1, 'varchar2(254)', 'class_code_cpr_ledger', 0);

--
-- Add Lookup Config
--
insert into PP_IMPORT_LOOKUP (IMPORT_LOOKUP_ID, TIME_STAMP, USER_ID, DESCRIPTION, LONG_DESCRIPTION, COLUMN_NAME, LOOKUP_SQL, IS_DERIVED, LOOKUP_TABLE_NAME, LOOKUP_COLUMN_NAME, LOOKUP_CONSTRAINING_COLUMNS,LOOKUP_VALUES_ALTERNATE_SQL) values (501, sysdate, user, 'Set of Books.Description', 'The passed in value corresponds to the Set of Books: Description field.  Translate to the Set of Books ID using the Description column on the Set of Books table.', 'set_of_books_id', '(select set_of_books_id from set_of_books sob where upper( trim( <importfield> ) ) = upper( trim( sob.description ) ) )', 0, 'set_of_books', 'description', NULL, NULL);
insert into PP_IMPORT_LOOKUP (IMPORT_LOOKUP_ID, TIME_STAMP, USER_ID, DESCRIPTION, LONG_DESCRIPTION, COLUMN_NAME, LOOKUP_SQL, IS_DERIVED, LOOKUP_TABLE_NAME, LOOKUP_COLUMN_NAME, LOOKUP_CONSTRAINING_COLUMNS,LOOKUP_VALUES_ALTERNATE_SQL) values (502, sysdate, user, 'Depr Group.Description (for given Company)', 'The passed in value corresponds to the Depr Group: Description field.  Translate to the Depr Group ID using the Description column on the Depr Group table.', 'depr_group_id', '(select depr_group_id from depr_group dg where upper( trim( <importfield> ) ) = upper( trim( dg.description ) ) and <importtable>.company_id = dg.company_id ) ', 0, 'depr_group', 'description', 'company_id', 'select depr_group.description, company.<company_id> from depr_group, company where depr_group.company_id = company.company_id and 5=5');
insert into PP_IMPORT_LOOKUP (IMPORT_LOOKUP_ID, TIME_STAMP, USER_ID, DESCRIPTION, LONG_DESCRIPTION, COLUMN_NAME, LOOKUP_SQL, IS_DERIVED, LOOKUP_TABLE_NAME, LOOKUP_COLUMN_NAME, LOOKUP_CONSTRAINING_COLUMNS,LOOKUP_VALUES_ALTERNATE_SQL) values (503, sysdate, user, 'Depr Group.External Depr Code (for given Company)', 'The passed in value corresponds to the Depr Group: External Depr Code field.  Translate to the Depr Group ID using the External Depr Code column on the Depr Group table.', 'depr_group_id', '(select depr_group_id from depr_group dg where upper( trim( <importfield> ) ) = upper( trim( dg.external_depr_code ) )  and <importtable>.company_id = dg.company_id )', 0, 'depr_group', 'external_depr_code', 'company_id', 'select depr_group.external_depr_code, company.<company_id> from depr_group, company where depr_group.company_id = company.company_id and 5=5');
insert into PP_IMPORT_LOOKUP (IMPORT_LOOKUP_ID, TIME_STAMP, USER_ID, DESCRIPTION, LONG_DESCRIPTION, COLUMN_NAME, LOOKUP_SQL, IS_DERIVED, LOOKUP_TABLE_NAME, LOOKUP_COLUMN_NAME, LOOKUP_CONSTRAINING_COLUMNS,LOOKUP_VALUES_ALTERNATE_SQL) values (504, sysdate, user, 'CPR Ledger.Description (for given Company/Vintage)', 'The passed in value corresponds to the CPR Ledger: Description field.  Translate to the Asset ID using the Description column on the CPR Ledger table.', 'asset_id', '( select cpr.asset_id from cpr_ledger cpr where upper( trim( <importfield> ) ) = upper( trim( cpr.description ) )  and to_date(<importtable>.eng_in_service_year,''MM/DD/YYYY'') = cpr.eng_in_service_year and <importtable>.company_id = cpr.company_id) ', 0, 'cpr_ledger', 'description', 'company_id,eng_in_service_year', 'select company.<company_id> as Company, cpr_ledger.eng_in_service_year, cpr_ledger.description from cpr_ledger, company where cpr_ledger.company_id = company.company_id and 5=5');
insert into PP_IMPORT_LOOKUP (IMPORT_LOOKUP_ID, TIME_STAMP, USER_ID, DESCRIPTION, LONG_DESCRIPTION, COLUMN_NAME, LOOKUP_SQL, IS_DERIVED, LOOKUP_TABLE_NAME, LOOKUP_COLUMN_NAME, LOOKUP_CONSTRAINING_COLUMNS,LOOKUP_VALUES_ALTERNATE_SQL) values (505, sysdate, user, 'CPR Ledger.Long Description (for given Company/Vintage)', 'The passed in value corresponds to the CPR Ledger: Long Description field.  Translate to the Asset ID using the Long Description column on the CPR Ledger table.', 'asset_id', '( select cpr.asset_id from cpr_ledger cpr where upper( trim( <importfield> ) ) = upper( trim( cpr.long_description ) ) and to_date(<importtable>.eng_in_service_year,''MM/DD/YYYY'') = cpr.eng_in_service_year and <importtable>.company_id = cpr.company_id) ', 0, 'cpr_ledger', 'long_description', 'company_id,eng_in_service_year', 'select company.<company_id> as Company, cpr_ledger.eng_in_service_year, cpr_ledger.long_description from cpr_ledger, company where cpr_ledger.company_id = company.company_id and 5=5');
insert into PP_IMPORT_LOOKUP (IMPORT_LOOKUP_ID, TIME_STAMP, USER_ID, DESCRIPTION, LONG_DESCRIPTION, COLUMN_NAME, LOOKUP_SQL, IS_DERIVED, LOOKUP_TABLE_NAME, LOOKUP_COLUMN_NAME, LOOKUP_CONSTRAINING_COLUMNS,LOOKUP_VALUES_ALTERNATE_SQL) values (506, sysdate, user, 'CPR Ledger.Serial Number (for given Company/Vintage)', 'The passed in value corresponds to the CPR Ledger: Serial Number field.  Translate to the Asset ID using the Serial Number column on the CPR Ledger table.', 'asset_id', '( select cpr.asset_id from cpr_ledger cpr where upper( trim( <importfield> ) ) = upper( trim( cpr.serial_number ) )  and to_date(<importtable>.eng_in_service_year,''MM/DD/YYYY'') = cpr.eng_in_service_year and <importtable>.company_id = cpr.company_id) ', 0, 'cpr_ledger', 'serial_number', 'company_id,eng_in_service_year', 'select company.<company_id> as Company, cpr_ledger.eng_in_service_year, cpr_ledger.serial_number from cpr_ledger, company where cpr_ledger.company_id = company.company_id and 5=5');
insert into PP_IMPORT_LOOKUP (IMPORT_LOOKUP_ID, TIME_STAMP, USER_ID, DESCRIPTION, LONG_DESCRIPTION, COLUMN_NAME, LOOKUP_SQL, IS_DERIVED, LOOKUP_TABLE_NAME, LOOKUP_COLUMN_NAME, LOOKUP_CONSTRAINING_COLUMNS,LOOKUP_VALUES_ALTERNATE_SQL) values (507, sysdate, user, 'Depreciation Method.Description', 'The passed in value corresponds to the Depreciation Method: Description field.  Translate to the Depr Method ID using the Description column on the Depreciation Method table.', 'depr_method_id', '( select dm.depr_method_id from depreciation_method dm where upper( trim( <importfield> ) ) = upper( trim( dm.description ) ) )  ', 0, 'depreciation_method', 'description', NULL, NULL);
insert into PP_IMPORT_LOOKUP (IMPORT_LOOKUP_ID, TIME_STAMP, USER_ID, DESCRIPTION, LONG_DESCRIPTION, COLUMN_NAME, LOOKUP_SQL, IS_DERIVED, LOOKUP_TABLE_NAME, LOOKUP_COLUMN_NAME, LOOKUP_CONSTRAINING_COLUMNS,LOOKUP_VALUES_ALTERNATE_SQL) values (508, sysdate, user, 'Net/Gross Option Lookup (Net or Gross)', 'The passed in value will be translated to 1 (Net) or 2 (Gross)', 'net_gross', '(select decode(upper(trim( <importfield> )),''NET'',1,''GROSS'',2,0) as description from dual)', 0, NULL, NULL, NULL, 'select ''NET'' as Net_Gross from dual union select ''GROSS'' from dual');
insert into PP_IMPORT_LOOKUP (IMPORT_LOOKUP_ID, TIME_STAMP, USER_ID, DESCRIPTION, LONG_DESCRIPTION, COLUMN_NAME, LOOKUP_SQL, IS_DERIVED, LOOKUP_TABLE_NAME, LOOKUP_COLUMN_NAME, LOOKUP_CONSTRAINING_COLUMNS,LOOKUP_VALUES_ALTERNATE_SQL) values (509, sysdate, user, 'Over Depreciation Check (No, Yes/Life Only, Yes/Separate or Yes/Total)', 'The passed in value will be translated to 0 (No), 1 (Yes/Separate), 2 (Yes/Life Only) or 3 (Yes/Total)', 'over_depr_check', '(select decode(upper(trim( <importfield> )),''NO'',0,''YES/SEPARATE'',1,''YES/LIFE ONLY'',2,''YES/TOTAL'',3) as description from dual)', 0, NULL, NULL, NULL, 'select ''NO'' as over_depr_check from dual union select ''YES/SEPARATE'' from dual union select ''YES/LIFE ONLY'' from dual union select ''YES/TOTAL'' from dual');
insert into PP_IMPORT_LOOKUP (IMPORT_LOOKUP_ID, TIME_STAMP, USER_ID, DESCRIPTION, LONG_DESCRIPTION, COLUMN_NAME, LOOKUP_SQL, IS_DERIVED, LOOKUP_TABLE_NAME, LOOKUP_COLUMN_NAME, LOOKUP_CONSTRAINING_COLUMNS,LOOKUP_VALUES_ALTERNATE_SQL) values (510, sysdate, user, 'Rate Used Code (No Recalc, Used, Recalc, Blend Rates)', 'The passed in value will be translated to 0 (No Recalc), 1 (Used), 2 (Recalc) or 3 (Blend Rates)', 'rate_used_code', '(select decode(upper(trim( <importfield> )),''NO RECALC'',0,''USED'',1,''RECALC'',2,''BLEND RATES'',3) as description from dual)', 0, NULL, NULL, NULL, 'select ''NO RECALC'' as Rate_Recalc_code from dual union select ''USED'' from dual union select ''RECALC'' from dual union select ''BLEND RATES'' from dual');
insert into PP_IMPORT_LOOKUP (IMPORT_LOOKUP_ID, TIME_STAMP, USER_ID, DESCRIPTION, LONG_DESCRIPTION, COLUMN_NAME, LOOKUP_SQL, IS_DERIVED, LOOKUP_TABLE_NAME, LOOKUP_COLUMN_NAME, LOOKUP_CONSTRAINING_COLUMNS,LOOKUP_VALUES_ALTERNATE_SQL) values (511, sysdate, user, 'Mortality Curve.Description', 'The passed in value corresponds to the Mortality Curve: Description field.  Translate to the Mortality Curve ID using the Description column on the Mortality Curve table.', 'mort_mem_mort_curve_id', '( select mc.mortality_curve_id from mortality_curve mc where upper( trim( <importfield> ) ) = upper( trim( mc.description ) ) and mc.depr_study = 1 and nvl(mc.gm_indicator,0) = 0 )', 0, 'mortality_curve', 'description', NULL, 'where mortality_curve.depr_study = 1 and nvl(mortality_curve.gm_indicator,0) = 0');
insert into PP_IMPORT_LOOKUP (IMPORT_LOOKUP_ID, TIME_STAMP, USER_ID, DESCRIPTION, LONG_DESCRIPTION, COLUMN_NAME, LOOKUP_SQL, IS_DERIVED, LOOKUP_TABLE_NAME, LOOKUP_COLUMN_NAME, LOOKUP_CONSTRAINING_COLUMNS,LOOKUP_VALUES_ALTERNATE_SQL) values (512, sysdate, user, 'Allocation Procedure', 'The passed in value will be translated to Broad (Broad Group) or ELG (Equal-Life Group)', 'allocation_procedure', '(select decode(upper(trim( <importfield> )),''BROAD GROUP'',''BROAD'',''EQUAL-LIFE GROUP'',''ELG'') as description from dual)', 0, NULL, NULL, NULL, 'select ''BROAD GROUP'' as Allocation_Procedure from dual union select ''EQUAL-LIFE GROUP'' from dual');
insert into PP_IMPORT_LOOKUP (IMPORT_LOOKUP_ID, TIME_STAMP, USER_ID, DESCRIPTION, LONG_DESCRIPTION, COLUMN_NAME, LOOKUP_SQL, IS_DERIVED, LOOKUP_TABLE_NAME, LOOKUP_COLUMN_NAME, LOOKUP_CONSTRAINING_COLUMNS,LOOKUP_VALUES_ALTERNATE_SQL) values (513, sysdate, user, 'Gain Loss Default', 'The passed in value will be translated to 0 (No), 1 (Yes) or 2 (Depr Exp)', 'gain_loss_default', '(select decode(upper(trim( <importfield> )),''NO'',0,''YES'',1,''DEPR EXP'',2) as description from dual)', 0, NULL, NULL, NULL, 'select ''NO'' from dual union select ''YES'' from dual union select ''DEPR EXP'' from dual');
insert into PP_IMPORT_LOOKUP (IMPORT_LOOKUP_ID, TIME_STAMP, USER_ID, DESCRIPTION, LONG_DESCRIPTION, COLUMN_NAME, LOOKUP_SQL, IS_DERIVED, LOOKUP_TABLE_NAME, LOOKUP_COLUMN_NAME, LOOKUP_CONSTRAINING_COLUMNS,LOOKUP_VALUES_ALTERNATE_SQL) values (600, sysdate, user, 'Book Schema.Description', 'The passed in value corresponds to the Book Schema: Description field.  Translate to the Book Schema ID using the Description column on the Book Schema table.', 'books_schema_id', '( select bks.books_schema_id from book_schema bks where upper( trim( <importfield> ) ) = upper( trim( bks.description) ) )', 0, 'book_schema', 'description', NULL, NULL);
insert into PP_IMPORT_LOOKUP (IMPORT_LOOKUP_ID, TIME_STAMP, USER_ID, DESCRIPTION, LONG_DESCRIPTION, COLUMN_NAME, LOOKUP_SQL, IS_DERIVED, LOOKUP_TABLE_NAME, LOOKUP_COLUMN_NAME, LOOKUP_CONSTRAINING_COLUMNS,LOOKUP_VALUES_ALTERNATE_SQL) values (601, sysdate, user, 'GL Account.External Account Code (for given company)', 'The passed in value corresponds to the GL Account: External Account Code field.  Translate to the GL Account ID using the External Account Code column on the GL Account table.', 'gl_account_id', '( select gla.gl_account_id from gl_account gla, company_gl_account cogla where gla.gl_account_id = cogla.gl_account_id and upper( trim( <importfield> ) ) = upper( trim( gla.external_account_code ) )  and <importtable>.company_id = cogla.company_id )', 0, 'gl_account', 'external_account_code', 'company_id', 'select company.<company_id>, gl_account.external_account_code from gl_account, company_gl_account, company where gl_account.gl_account_id = company_gl_account.gl_account_id and company_gl_account.company_id = company.company_id and 5=5');
insert into PP_IMPORT_LOOKUP (IMPORT_LOOKUP_ID, TIME_STAMP, USER_ID, DESCRIPTION, LONG_DESCRIPTION, COLUMN_NAME, LOOKUP_SQL, IS_DERIVED, LOOKUP_TABLE_NAME, LOOKUP_COLUMN_NAME, LOOKUP_CONSTRAINING_COLUMNS,LOOKUP_VALUES_ALTERNATE_SQL) values (602, sysdate, user, 'GL Account.Long Description (for given company)', 'The passed in value corresponds to the GL Account: Long Description field.  Translate to the GL Account ID using the Long Description column on the GL Account table.', 'gl_account_id', '( select gla.gl_account_id from gl_account gla, company_gl_account cogla where gla.gl_account_id = cogla.gl_account_id and upper( trim( <importfield> ) ) = upper( trim( gla.long_description ) )  and <importtable>.company_id = cogla.company_id )', 0, 'gl_account', 'long_description', 'company_id', 'select company.<company_id>, gl_account.long_description from gl_account, company_gl_account, company where gl_account.gl_account_id = company_gl_account.gl_account_id and company_gl_account.company_id = company.company_id and 5=5');
insert into PP_IMPORT_LOOKUP (IMPORT_LOOKUP_ID, TIME_STAMP, USER_ID, DESCRIPTION, LONG_DESCRIPTION, COLUMN_NAME, LOOKUP_SQL, IS_DERIVED, LOOKUP_TABLE_NAME, LOOKUP_COLUMN_NAME, LOOKUP_CONSTRAINING_COLUMNS,LOOKUP_VALUES_ALTERNATE_SQL) values (603, sysdate, user, 'GL Account.Description (for given company)', 'The passed in value corresponds to the GL Account: Description field.  Translate to the GL Account ID using the Description column on the GL Account table.', 'gl_account_id', '( select gla.gl_account_id from gl_account gla, company_gl_account cogla where gla.gl_account_id = cogla.gl_account_id and upper( trim( <importfield> ) ) = upper( trim( gla.description ) )  and <importtable>.company_id = cogla.company_id )', 0, 'gl_account', 'description', 'company_id', 'select company.<company_id>, gl_account.description from gl_account, company_gl_account, company where gl_account.gl_account_id = company_gl_account.gl_account_id and company_gl_account.company_id = company.company_id and 5=5');
insert into PP_IMPORT_LOOKUP (IMPORT_LOOKUP_ID, TIME_STAMP, USER_ID, DESCRIPTION, LONG_DESCRIPTION, COLUMN_NAME, LOOKUP_SQL, IS_DERIVED, LOOKUP_TABLE_NAME, LOOKUP_COLUMN_NAME, LOOKUP_CONSTRAINING_COLUMNS,LOOKUP_VALUES_ALTERNATE_SQL) values (604, sysdate, user, 'Business Segment.External Bus Segment (for given company)', 'The passed in value corresponds to the Business Segment: External Business Segment field.  Translate to the Bus Segment ID using the External Bus Segment on the Business Segment table.', 'bus_segment_id', '( select bs.bus_segment_id from business_segment bs, company_bus_segment_control cobsc where bs.bus_segment_id = cobsc.bus_segment_id and upper( trim( <importfield> ) ) = upper( trim( bs.external_bus_segment ) )  and <importtable>.company_id = cobsc.company_id )', 0, 'business_segment', 'external_bus_segment', 'company_id', 'select company.<company_id>, business_segment.external_bus_segment from business_segment, company_bus_segment_control, company where business_segment.bus_segment_id = company_bus_segment_control.bus_segment_id and company_bus_segment_control.company_id = company.company_id and 5=5');
insert into PP_IMPORT_LOOKUP (IMPORT_LOOKUP_ID, TIME_STAMP, USER_ID, DESCRIPTION, LONG_DESCRIPTION, COLUMN_NAME, LOOKUP_SQL, IS_DERIVED, LOOKUP_TABLE_NAME, LOOKUP_COLUMN_NAME, LOOKUP_CONSTRAINING_COLUMNS,LOOKUP_VALUES_ALTERNATE_SQL) values (605, sysdate, user, 'Business Segment.Description (for given company)', 'The passed in value corresponds to the Business Segment: Description field.  Translate to the Bus Segment ID using the Description on the Business Segment table.', 'bus_segment_id', '( select bs.bus_segment_id from business_segment bs, company_bus_segment_control cobsc where bs.bus_segment_id = cobsc.bus_segment_id and upper( trim( <importfield> ) ) = upper( trim( bs.description ) )  and <importtable>.company_id = cobsc.company_id )', 0, 'business_segment', 'description', 'company_id', 'select company.<company_id>, business_segment.description from business_segment, company_bus_segment_control, company where business_segment.bus_segment_id = company_bus_segment_control.bus_segment_id and company_bus_segment_control.company_id = company.company_id and 5=5');
insert into PP_IMPORT_LOOKUP (IMPORT_LOOKUP_ID, TIME_STAMP, USER_ID, DESCRIPTION, LONG_DESCRIPTION, COLUMN_NAME, LOOKUP_SQL, IS_DERIVED, LOOKUP_TABLE_NAME, LOOKUP_COLUMN_NAME, LOOKUP_CONSTRAINING_COLUMNS,LOOKUP_VALUES_ALTERNATE_SQL) values (606, sysdate, user, 'Retirement Unit.External Retire Unit (for given company)', 'The passed in value corresponds to the Retirement Unit: External Retire Unit field.  Translate to the Retirement Unit ID using the External Retire Unit column on the Retirement Unit table.', 'retirement_unit_id', '( select ru.retirement_unit_id from retirement_unit ru, company_property_unit cpu where ru.property_unit_id = cpu.property_unit_id and upper( trim( <importfield> ) ) = upper( trim( ru.external_retire_unit ) )  and <importtable>.company_id = cpu.company_id )', 0, 'retirement_unit', 'external_retire_unit', 'company_id', 'select company.<company_id>, retirement_unit.external_retire_unit from retirement_unit, company_property_unit, company where retirement_unit.property_unit_id = company_property_unit.property_unit_id and company_property_unit.company_id = company.company_id and company_property_unit.property_unit_id > 10 and 5=5');
insert into PP_IMPORT_LOOKUP (IMPORT_LOOKUP_ID, TIME_STAMP, USER_ID, DESCRIPTION, LONG_DESCRIPTION, COLUMN_NAME, LOOKUP_SQL, IS_DERIVED, LOOKUP_TABLE_NAME, LOOKUP_COLUMN_NAME, LOOKUP_CONSTRAINING_COLUMNS,LOOKUP_VALUES_ALTERNATE_SQL) values (607, sysdate, user, 'Retirement Unit.Long Description (for given company)', 'The passed in value corresponds to the Retirement Unit: Long Description field.  Translate to the Retirement Unit ID using the Long Description column on the Retirement Unit table.', 'retirement_unit_id', '( select ru.retirement_unit_id from retirement_unit ru, company_property_unit cpu where ru.property_unit_id = cpu.property_unit_id and upper( trim( <importfield> ) ) = upper( trim( ru.long_description ) )  and <importtable>.company_id = cpu.company_id )', 0, 'retirement_unit', 'long_description', 'company_id', 'select company.<company_id>, retirement_unit.long_description from retirement_unit, company_property_unit, company where retirement_unit.property_unit_id = company_property_unit.property_unit_id and company_property_unit.company_id = company.company_id and company_property_unit.property_unit_id > 10 and 5=5');
insert into PP_IMPORT_LOOKUP (IMPORT_LOOKUP_ID, TIME_STAMP, USER_ID, DESCRIPTION, LONG_DESCRIPTION, COLUMN_NAME, LOOKUP_SQL, IS_DERIVED, LOOKUP_TABLE_NAME, LOOKUP_COLUMN_NAME, LOOKUP_CONSTRAINING_COLUMNS,LOOKUP_VALUES_ALTERNATE_SQL) values (608, sysdate, user, 'Retirement Unit.Description (for given company)', 'The passed in value corresponds to the Retirement Unit: Description field.  Translate to the Retirement Unit ID using the Description column on the Retirement Unit table.', 'retirement_unit_id', '( select ru.retirement_unit_id from retirement_unit ru, company_property_unit cpu where ru.property_unit_id = cpu.property_unit_id and upper( trim( <importfield> ) ) = upper( trim( ru.description ) )  and <importtable>.company_id = cpu.company_id )', 0, 'retirement_unit', 'description', 'company_id', 'select company.<company_id>, retirement_unit.description from retirement_unit, company_property_unit, company where retirement_unit.property_unit_id = company_property_unit.property_unit_id and company_property_unit.company_id = company.company_id and company_property_unit.property_unit_id > 10 and 5=5');
insert into PP_IMPORT_LOOKUP (IMPORT_LOOKUP_ID, TIME_STAMP, USER_ID, DESCRIPTION, LONG_DESCRIPTION, COLUMN_NAME, LOOKUP_SQL, IS_DERIVED, LOOKUP_TABLE_NAME, LOOKUP_COLUMN_NAME, LOOKUP_CONSTRAINING_COLUMNS,LOOKUP_VALUES_ALTERNATE_SQL) values (609, sysdate, user, 'Asset Location.Long Description (for given Company)', 'The passed in value corresponds to the Asset Location: Long Description field (for the given company).  Translate to the Asset Location ID using the Long Description and Company columns on the Asset Location table.', 'asset_location_id', '( select al.asset_location_id from asset_location al, company_major_location cml where al.major_location_id = cml.major_location_id and upper( trim( <importfield> ) ) = upper( trim( al.long_description ) ) and <importtable>.company_id = cml.company_id )', 0, 'asset_location', 'long_description', 'company_id', 'select company.<company_id>, asset_location.long_description from asset_location, company_major_location, company where asset_location.major_location_id = company_major_location.major_location_id and company_major_location.company_id = company.company_id and 5=5');
insert into PP_IMPORT_LOOKUP (IMPORT_LOOKUP_ID, TIME_STAMP, USER_ID, DESCRIPTION, LONG_DESCRIPTION, COLUMN_NAME, LOOKUP_SQL, IS_DERIVED, LOOKUP_TABLE_NAME, LOOKUP_COLUMN_NAME, LOOKUP_CONSTRAINING_COLUMNS,LOOKUP_VALUES_ALTERNATE_SQL) values (610, sysdate, user, 'Asset Location.Ext Asset Location (for given Company)', 'The passed in value corresponds to the Asset Location: Ext Asset Location field (for the given company).  Translate to the Asset Location ID using the Ext Asset Location and Company columns on the Asset Location table.', 'asset_location_id', '( select al.asset_location_id from asset_location al, company_major_location cml where al.major_location_id = cml.major_location_id and upper( trim( <importfield> ) ) = upper( trim( al.ext_asset_location ) ) and <importtable>.company_id = cml.company_id )', 0, 'asset_location', 'ext_asset_location', 'company_id', 'select company.<company_id>, asset_location.ext_asset_location from asset_location, company_major_location, company where asset_location.major_location_id = company_major_location.major_location_id and company_major_location.company_id = company.company_id and 5=5');
insert into PP_IMPORT_LOOKUP (IMPORT_LOOKUP_ID, TIME_STAMP, USER_ID, DESCRIPTION, LONG_DESCRIPTION, COLUMN_NAME, LOOKUP_SQL, IS_DERIVED, LOOKUP_TABLE_NAME, LOOKUP_COLUMN_NAME, LOOKUP_CONSTRAINING_COLUMNS,LOOKUP_VALUES_ALTERNATE_SQL) values (611, sysdate, user, 'Activity Code.Long Description', 'The passed in value corresponds to the Activity Code: Long Description. Translate to the Description using Long Description', 'activity_code', '( select actcd.description from activity_code actcd where upper( trim( <importfield> ) ) = upper( trim( actcd.long_description ) ) )', 0, 'activity_code', 'long_description', NULL, NULL);
insert into PP_IMPORT_LOOKUP (IMPORT_LOOKUP_ID, TIME_STAMP, USER_ID, DESCRIPTION, LONG_DESCRIPTION, COLUMN_NAME, LOOKUP_SQL, IS_DERIVED, LOOKUP_TABLE_NAME, LOOKUP_COLUMN_NAME, LOOKUP_CONSTRAINING_COLUMNS,LOOKUP_VALUES_ALTERNATE_SQL) values (612, sysdate, user, 'Sub Account.Description (for given Utility Account and Bus Segment)', 'The passed in value corresponds to the Sub Account: Description field (for the given UA and BS).  Translate to the Sub Account ID using the Description and UA and BS columns on the Sub Account table.', 'sub_account_id', '( select sa.sub_account_id from sub_account sa where upper( trim( <importfield> ) ) = upper( trim( sa.description ) ) and <importtable>.utility_account_id = sa.utility_account_id and <importtable>.bus_segment_id = sa.bus_segment_id )', 0, 'sub_account', 'description', 'bus_segment_id,utility_account_id', 'select business_segment.<bus_segment_id>, utility_account.<utility_account_id>, sub_account.description from sub_account, business_segment, utility_account where sub_account.utility_account_id = utility_account.utility_account_id and sub_account.bus_segment_id = utility_account.bus_segment_id and utility_account.bus_segment_id = business_segment.bus_segment_id and 5=5');
insert into PP_IMPORT_LOOKUP (IMPORT_LOOKUP_ID, TIME_STAMP, USER_ID, DESCRIPTION, LONG_DESCRIPTION, COLUMN_NAME, LOOKUP_SQL, IS_DERIVED, LOOKUP_TABLE_NAME, LOOKUP_COLUMN_NAME, LOOKUP_CONSTRAINING_COLUMNS,LOOKUP_VALUES_ALTERNATE_SQL) values (613, sysdate, user, 'Sub Account.Long Description (for given Utility Account and Bus Segment)', 'The passed in value corresponds to the Sub Account: Long Description field (for the given UA and BS).  Translate to the Sub Account ID using the Long Description and UA and BS columns on the Sub Account table.', 'sub_account_id', '( select sa.sub_account_id from sub_account sa where upper( trim( <importfield> ) ) = upper( trim( sa.long_description ) ) and <importtable>.utility_account_id = sa.utility_account_id and <importtable>.bus_segment_id = sa.bus_segment_id )', 0, 'sub_account', 'long_description', 'bus_segment_id,utility_account_id', 'select business_segment.<bus_segment_id>, utility_account.<utility_account_id>, sub_account.long_description from sub_account, business_segment, utility_account where sub_account.utility_account_id = utility_account.utility_account_id and sub_account.bus_segment_id = utility_account.bus_segment_id and utility_account.bus_segment_id = business_segment.bus_segment_id and 5=5');
insert into PP_IMPORT_LOOKUP (IMPORT_LOOKUP_ID, TIME_STAMP, USER_ID, DESCRIPTION, LONG_DESCRIPTION, COLUMN_NAME, LOOKUP_SQL, IS_DERIVED, LOOKUP_TABLE_NAME, LOOKUP_COLUMN_NAME, LOOKUP_CONSTRAINING_COLUMNS,LOOKUP_VALUES_ALTERNATE_SQL) values (614, sysdate, user, 'Sub Account.External Account Code (for given Utility Account and Bus Segment)', 'The passed in value corresponds to the Sub Account: External Account Code field (for the given UA and BS).  Translate to the Sub Account ID using the External Account Code and UA and BS columns on the Sub Account table.', 'sub_account_id', '( select sa.sub_account_id from sub_account sa where upper( trim( <importfield> ) ) = upper( trim( sa.external_account_code ) ) and <importtable>.utility_account_id = sa.utility_account_id and <importtable>.bus_segment_id = sa.bus_segment_id )', 0, 'sub_account', 'external_account_code', 'bus_segment_id,utility_account_id', 'select business_segment.<bus_segment_id>, utility_account.<utility_account_id>, sub_account.external_account_code description from sub_account, business_segment, utility_account where sub_account.utility_account_id = utility_account.utility_account_id and sub_account.bus_segment_id = utility_account.bus_segment_id and utility_account.bus_segment_id = business_segment.bus_segment_id and 5=5');
insert into PP_IMPORT_LOOKUP (IMPORT_LOOKUP_ID, TIME_STAMP, USER_ID, DESCRIPTION, LONG_DESCRIPTION, COLUMN_NAME, LOOKUP_SQL, IS_DERIVED, LOOKUP_TABLE_NAME, LOOKUP_COLUMN_NAME, LOOKUP_CONSTRAINING_COLUMNS,LOOKUP_VALUES_ALTERNATE_SQL) values (615, sysdate, user, 'Disposition Code.Description', 'The passed in value corresponds to the Disposition Code: Description. Translate to the Disposition Code using Description', 'disposition_code', '( select dcd.disposition_code from disposition_code dcd where upper( trim( <importfield> ) ) = upper( trim( dcd.description ) ) )', 0, 'disposition_code', 'description', NULL, NULL);
insert into PP_IMPORT_LOOKUP (IMPORT_LOOKUP_ID, TIME_STAMP, USER_ID, DESCRIPTION, LONG_DESCRIPTION, COLUMN_NAME, LOOKUP_SQL, IS_DERIVED, LOOKUP_TABLE_NAME, LOOKUP_COLUMN_NAME, LOOKUP_CONSTRAINING_COLUMNS,LOOKUP_VALUES_ALTERNATE_SQL) values (616, sysdate, user, 'Ferc Activity Code.Description', 'The passed in value corresponds to the Ferc Activity Code: Description. Translate to the Ferc Activity Code using Description', 'ferc_activity_code', '( select factcd.ferc_activity_code from ferc_activity_code factcd where upper( trim( <importfield> ) ) = upper( trim( factcd.description ) ) )', 0, 'ferc_activity_code', 'description', NULL, NULL);
insert into PP_IMPORT_LOOKUP (IMPORT_LOOKUP_ID, TIME_STAMP, USER_ID, DESCRIPTION, LONG_DESCRIPTION, COLUMN_NAME, LOOKUP_SQL, IS_DERIVED, LOOKUP_TABLE_NAME, LOOKUP_COLUMN_NAME, LOOKUP_CONSTRAINING_COLUMNS,LOOKUP_VALUES_ALTERNATE_SQL) values (617, sysdate, user, 'Standard Journal Entries.GL JE Code', 'The passed in value corresponds to the GL Je Code: Description. Translate to the GL JE Code using Description on Standard Journal Entries table', 'gl_je_code', '( select sje.gl_je_code from standard_journal_entries sje where upper( trim( <importfield> ) ) = upper( trim( sje.description ) ) )', 0, 'standard_journal_entries', 'description', NULL, NULL);
insert into PP_IMPORT_LOOKUP (IMPORT_LOOKUP_ID, TIME_STAMP, USER_ID, DESCRIPTION, LONG_DESCRIPTION, COLUMN_NAME, LOOKUP_SQL, IS_DERIVED, LOOKUP_TABLE_NAME, LOOKUP_COLUMN_NAME, LOOKUP_CONSTRAINING_COLUMNS,LOOKUP_VALUES_ALTERNATE_SQL) values (618, sysdate, user, 'Property Group.Description', 'The passed in value corresponds to the Property Group: Description. Translate to the Property Group ID using Description on Property Group table', 'property_group_id', '( select pg.property_group_id from property_group pg where upper( trim( <importfield> ) ) = upper( trim( pg.description ) ) )', 0, 'property_group', 'description', NULL, 'where property_group.property_group_id > 1');
insert into PP_IMPORT_LOOKUP (IMPORT_LOOKUP_ID, TIME_STAMP, USER_ID, DESCRIPTION, LONG_DESCRIPTION, COLUMN_NAME, LOOKUP_SQL, IS_DERIVED, LOOKUP_TABLE_NAME, LOOKUP_COLUMN_NAME, LOOKUP_CONSTRAINING_COLUMNS,LOOKUP_VALUES_ALTERNATE_SQL) values (619, sysdate, user, 'Property Group.Long Description', 'The passed in value corresponds to the Property Group: Long Description. Translate to the Property Group ID using Long Description on Property Group table', 'property_group_id', '( select pg.property_group_id from property_group pg where upper( trim( <importfield> ) ) = upper( trim( pg.long_description ) ) )', 0, 'property_group', 'long_description', NULL, 'where property_group.property_group_id > 1');
insert into PP_IMPORT_LOOKUP (IMPORT_LOOKUP_ID, TIME_STAMP, USER_ID, DESCRIPTION, LONG_DESCRIPTION, COLUMN_NAME, LOOKUP_SQL, IS_DERIVED, LOOKUP_TABLE_NAME, LOOKUP_COLUMN_NAME, LOOKUP_CONSTRAINING_COLUMNS,LOOKUP_VALUES_ALTERNATE_SQL) values (620, sysdate, user, 'Subledger Control.Description', 'The passed in value corresponds to the Subledger Control: Description. Translate to the Subledger Type ID  using Description on Subledger Control table', 'subledger_type_id', '( select slc.subledger_type_id from subledger_control slc where upper( trim( <importfield> ) ) = upper( trim( slc.description ) ) )', 0, 'subledger_control', 'description', NULL, 'where subledger_type_id > 0');
insert into PP_IMPORT_LOOKUP (IMPORT_LOOKUP_ID, TIME_STAMP, USER_ID, DESCRIPTION, LONG_DESCRIPTION, COLUMN_NAME, LOOKUP_SQL, IS_DERIVED, LOOKUP_TABLE_NAME, LOOKUP_COLUMN_NAME, LOOKUP_CONSTRAINING_COLUMNS,LOOKUP_VALUES_ALTERNATE_SQL) values (621, sysdate, user, 'Class Code.Description (CPR)', 'The passed in value corresponds to the Class Code: Description field.  Translate to the Class Code ID using the Description column on the Class Code table.', 'class_code_id', '( select cc.class_code_id from class_code cc where upper( trim( <importfield> ) ) = upper( trim( cc.description ) ) and cc.cpr_indicator > 0)', 0, 'class_code', 'description', NULL, 'where class_code.cpr_indicator > 0');

--
-- Relate Column to Lookup
--
insert into PP_IMPORT_COLUMN_LOOKUP (IMPORT_TYPE_ID, COLUMN_NAME, IMPORT_LOOKUP_ID, TIME_STAMP, USER_ID) values (50, 'company_id', 19, sysdate, user);
insert into PP_IMPORT_COLUMN_LOOKUP (IMPORT_TYPE_ID, COLUMN_NAME, IMPORT_LOOKUP_ID, TIME_STAMP, USER_ID) values (50, 'company_id', 20, sysdate, user);
insert into PP_IMPORT_COLUMN_LOOKUP (IMPORT_TYPE_ID, COLUMN_NAME, IMPORT_LOOKUP_ID, TIME_STAMP, USER_ID) values (50, 'company_id', 21, sysdate, user);
insert into PP_IMPORT_COLUMN_LOOKUP (IMPORT_TYPE_ID, COLUMN_NAME, IMPORT_LOOKUP_ID, TIME_STAMP, USER_ID) values (50, 'set_of_books_id', 501, sysdate, user);
insert into PP_IMPORT_COLUMN_LOOKUP (IMPORT_TYPE_ID, COLUMN_NAME, IMPORT_LOOKUP_ID, TIME_STAMP, USER_ID) values (50, 'depr_group_id', 502, sysdate, user);
insert into PP_IMPORT_COLUMN_LOOKUP (IMPORT_TYPE_ID, COLUMN_NAME, IMPORT_LOOKUP_ID, TIME_STAMP, USER_ID) values (50, 'depr_group_id', 503, sysdate, user);
insert into PP_IMPORT_COLUMN_LOOKUP (IMPORT_TYPE_ID, COLUMN_NAME, IMPORT_LOOKUP_ID, TIME_STAMP, USER_ID) values (51, 'company_id', 19, sysdate, user);
insert into PP_IMPORT_COLUMN_LOOKUP (IMPORT_TYPE_ID, COLUMN_NAME, IMPORT_LOOKUP_ID, TIME_STAMP, USER_ID) values (51, 'company_id', 20, sysdate, user);
insert into PP_IMPORT_COLUMN_LOOKUP (IMPORT_TYPE_ID, COLUMN_NAME, IMPORT_LOOKUP_ID, TIME_STAMP, USER_ID) values (51, 'company_id', 21, sysdate, user);
insert into PP_IMPORT_COLUMN_LOOKUP (IMPORT_TYPE_ID, COLUMN_NAME, IMPORT_LOOKUP_ID, TIME_STAMP, USER_ID) values (51, 'set_of_books_id', 501, sysdate, user);
insert into PP_IMPORT_COLUMN_LOOKUP (IMPORT_TYPE_ID, COLUMN_NAME, IMPORT_LOOKUP_ID, TIME_STAMP, USER_ID) values (51, 'depr_group_id', 502, sysdate, user);
insert into PP_IMPORT_COLUMN_LOOKUP (IMPORT_TYPE_ID, COLUMN_NAME, IMPORT_LOOKUP_ID, TIME_STAMP, USER_ID) values (51, 'depr_group_id', 503, sysdate, user);
insert into PP_IMPORT_COLUMN_LOOKUP (IMPORT_TYPE_ID, COLUMN_NAME, IMPORT_LOOKUP_ID, TIME_STAMP, USER_ID) values (51, 'asset_id', 504, sysdate, user);
insert into PP_IMPORT_COLUMN_LOOKUP (IMPORT_TYPE_ID, COLUMN_NAME, IMPORT_LOOKUP_ID, TIME_STAMP, USER_ID) values (51, 'asset_id', 505, sysdate, user);
insert into PP_IMPORT_COLUMN_LOOKUP (IMPORT_TYPE_ID, COLUMN_NAME, IMPORT_LOOKUP_ID, TIME_STAMP, USER_ID) values (51, 'asset_id', 506, sysdate, user);
insert into PP_IMPORT_COLUMN_LOOKUP (IMPORT_TYPE_ID, COLUMN_NAME, IMPORT_LOOKUP_ID, TIME_STAMP, USER_ID) values (52, 'set_of_books_id', 501, sysdate, user);
insert into PP_IMPORT_COLUMN_LOOKUP (IMPORT_TYPE_ID, COLUMN_NAME, IMPORT_LOOKUP_ID, TIME_STAMP, USER_ID) values (52, 'depr_method_id', 507, sysdate, user);
insert into PP_IMPORT_COLUMN_LOOKUP (IMPORT_TYPE_ID, COLUMN_NAME, IMPORT_LOOKUP_ID, TIME_STAMP, USER_ID) values (52, 'net_gross', 508, sysdate, user);
insert into PP_IMPORT_COLUMN_LOOKUP (IMPORT_TYPE_ID, COLUMN_NAME, IMPORT_LOOKUP_ID, TIME_STAMP, USER_ID) values (52, 'over_depr_check', 509, sysdate, user);
insert into PP_IMPORT_COLUMN_LOOKUP (IMPORT_TYPE_ID, COLUMN_NAME, IMPORT_LOOKUP_ID, TIME_STAMP, USER_ID) values (52, 'rate_used_code', 510, sysdate, user);
insert into PP_IMPORT_COLUMN_LOOKUP (IMPORT_TYPE_ID, COLUMN_NAME, IMPORT_LOOKUP_ID, TIME_STAMP, USER_ID) values (52, 'mort_mem_mort_curve_id', 511, sysdate, user);
insert into PP_IMPORT_COLUMN_LOOKUP (IMPORT_TYPE_ID, COLUMN_NAME, IMPORT_LOOKUP_ID, TIME_STAMP, USER_ID) values (52, 'allocation_procedure', 512, sysdate, user);
insert into PP_IMPORT_COLUMN_LOOKUP (IMPORT_TYPE_ID, COLUMN_NAME, IMPORT_LOOKUP_ID, TIME_STAMP, USER_ID) values (52, 'gain_loss_default', 513, sysdate, user);
insert into PP_IMPORT_COLUMN_LOOKUP (IMPORT_TYPE_ID, COLUMN_NAME, IMPORT_LOOKUP_ID, TIME_STAMP, USER_ID) values (53, 'company_id', 19, sysdate, user);
insert into PP_IMPORT_COLUMN_LOOKUP (IMPORT_TYPE_ID, COLUMN_NAME, IMPORT_LOOKUP_ID, TIME_STAMP, USER_ID) values (53, 'company_id', 20, sysdate, user);
insert into PP_IMPORT_COLUMN_LOOKUP (IMPORT_TYPE_ID, COLUMN_NAME, IMPORT_LOOKUP_ID, TIME_STAMP, USER_ID) values (53, 'company_id', 21, sysdate, user);
insert into PP_IMPORT_COLUMN_LOOKUP (IMPORT_TYPE_ID, COLUMN_NAME, IMPORT_LOOKUP_ID, TIME_STAMP, USER_ID) values (53, 'utility_account_id', 28, sysdate, user);
insert into PP_IMPORT_COLUMN_LOOKUP (IMPORT_TYPE_ID, COLUMN_NAME, IMPORT_LOOKUP_ID, TIME_STAMP, USER_ID) values (53, 'utility_account_id', 30, sysdate, user);
insert into PP_IMPORT_COLUMN_LOOKUP (IMPORT_TYPE_ID, COLUMN_NAME, IMPORT_LOOKUP_ID, TIME_STAMP, USER_ID) values (53, 'books_schema_id', 600, sysdate, user);
insert into PP_IMPORT_COLUMN_LOOKUP (IMPORT_TYPE_ID, COLUMN_NAME, IMPORT_LOOKUP_ID, TIME_STAMP, USER_ID) values (53, 'gl_account_id', 601, sysdate, user);
insert into PP_IMPORT_COLUMN_LOOKUP (IMPORT_TYPE_ID, COLUMN_NAME, IMPORT_LOOKUP_ID, TIME_STAMP, USER_ID) values (53, 'gl_account_id', 602, sysdate, user);
insert into PP_IMPORT_COLUMN_LOOKUP (IMPORT_TYPE_ID, COLUMN_NAME, IMPORT_LOOKUP_ID, TIME_STAMP, USER_ID) values (53, 'gl_account_id', 603, sysdate, user);
insert into PP_IMPORT_COLUMN_LOOKUP (IMPORT_TYPE_ID, COLUMN_NAME, IMPORT_LOOKUP_ID, TIME_STAMP, USER_ID) values (53, 'bus_segment_id', 604, sysdate, user);
insert into PP_IMPORT_COLUMN_LOOKUP (IMPORT_TYPE_ID, COLUMN_NAME, IMPORT_LOOKUP_ID, TIME_STAMP, USER_ID) values (53, 'bus_segment_id', 605, sysdate, user);
insert into PP_IMPORT_COLUMN_LOOKUP (IMPORT_TYPE_ID, COLUMN_NAME, IMPORT_LOOKUP_ID, TIME_STAMP, USER_ID) values (53, 'retirement_unit_id', 606, sysdate, user);
insert into PP_IMPORT_COLUMN_LOOKUP (IMPORT_TYPE_ID, COLUMN_NAME, IMPORT_LOOKUP_ID, TIME_STAMP, USER_ID) values (53, 'retirement_unit_id', 607, sysdate, user);
insert into PP_IMPORT_COLUMN_LOOKUP (IMPORT_TYPE_ID, COLUMN_NAME, IMPORT_LOOKUP_ID, TIME_STAMP, USER_ID) values (53, 'retirement_unit_id', 608, sysdate, user);
insert into PP_IMPORT_COLUMN_LOOKUP (IMPORT_TYPE_ID, COLUMN_NAME, IMPORT_LOOKUP_ID, TIME_STAMP, USER_ID) values (53, 'asset_location_id', 609, sysdate, user);
insert into PP_IMPORT_COLUMN_LOOKUP (IMPORT_TYPE_ID, COLUMN_NAME, IMPORT_LOOKUP_ID, TIME_STAMP, USER_ID) values (53, 'asset_location_id', 610, sysdate, user);
insert into PP_IMPORT_COLUMN_LOOKUP (IMPORT_TYPE_ID, COLUMN_NAME, IMPORT_LOOKUP_ID, TIME_STAMP, USER_ID) values (53, 'activity_code', 611, sysdate, user);
insert into PP_IMPORT_COLUMN_LOOKUP (IMPORT_TYPE_ID, COLUMN_NAME, IMPORT_LOOKUP_ID, TIME_STAMP, USER_ID) values (53, 'sub_account_id', 612, sysdate, user);
insert into PP_IMPORT_COLUMN_LOOKUP (IMPORT_TYPE_ID, COLUMN_NAME, IMPORT_LOOKUP_ID, TIME_STAMP, USER_ID) values (53, 'sub_account_id', 613, sysdate, user);
insert into PP_IMPORT_COLUMN_LOOKUP (IMPORT_TYPE_ID, COLUMN_NAME, IMPORT_LOOKUP_ID, TIME_STAMP, USER_ID) values (53, 'sub_account_id', 614, sysdate, user);
insert into PP_IMPORT_COLUMN_LOOKUP (IMPORT_TYPE_ID, COLUMN_NAME, IMPORT_LOOKUP_ID, TIME_STAMP, USER_ID) values (53, 'disposition_code', 615, sysdate, user);
insert into PP_IMPORT_COLUMN_LOOKUP (IMPORT_TYPE_ID, COLUMN_NAME, IMPORT_LOOKUP_ID, TIME_STAMP, USER_ID) values (53, 'ferc_activity_code', 616, sysdate, user);
insert into PP_IMPORT_COLUMN_LOOKUP (IMPORT_TYPE_ID, COLUMN_NAME, IMPORT_LOOKUP_ID, TIME_STAMP, USER_ID) values (53, 'gl_je_code', 617, sysdate, user);
insert into PP_IMPORT_COLUMN_LOOKUP (IMPORT_TYPE_ID, COLUMN_NAME, IMPORT_LOOKUP_ID, TIME_STAMP, USER_ID) values (53, 'property_group_id', 618, sysdate, user);
insert into PP_IMPORT_COLUMN_LOOKUP (IMPORT_TYPE_ID, COLUMN_NAME, IMPORT_LOOKUP_ID, TIME_STAMP, USER_ID) values (53, 'property_group_id', 619, sysdate, user);
insert into PP_IMPORT_COLUMN_LOOKUP (IMPORT_TYPE_ID, COLUMN_NAME, IMPORT_LOOKUP_ID, TIME_STAMP, USER_ID) values (53, 'subledger_indicator', 620, sysdate, user);
insert into PP_IMPORT_COLUMN_LOOKUP (IMPORT_TYPE_ID, COLUMN_NAME, IMPORT_LOOKUP_ID, TIME_STAMP, USER_ID) values (54, 'company_id', 19, sysdate, user);
insert into PP_IMPORT_COLUMN_LOOKUP (IMPORT_TYPE_ID, COLUMN_NAME, IMPORT_LOOKUP_ID, TIME_STAMP, USER_ID) values (54, 'company_id', 20, sysdate, user);
insert into PP_IMPORT_COLUMN_LOOKUP (IMPORT_TYPE_ID, COLUMN_NAME, IMPORT_LOOKUP_ID, TIME_STAMP, USER_ID) values (54, 'company_id', 21, sysdate, user);
insert into PP_IMPORT_COLUMN_LOOKUP (IMPORT_TYPE_ID, COLUMN_NAME, IMPORT_LOOKUP_ID, TIME_STAMP, USER_ID) values (54, 'asset_id', 504, sysdate, user);
insert into PP_IMPORT_COLUMN_LOOKUP (IMPORT_TYPE_ID, COLUMN_NAME, IMPORT_LOOKUP_ID, TIME_STAMP, USER_ID) values (54, 'asset_id', 505, sysdate, user);
insert into PP_IMPORT_COLUMN_LOOKUP (IMPORT_TYPE_ID, COLUMN_NAME, IMPORT_LOOKUP_ID, TIME_STAMP, USER_ID) values (54, 'asset_id', 506, sysdate, user);
insert into PP_IMPORT_COLUMN_LOOKUP (IMPORT_TYPE_ID, COLUMN_NAME, IMPORT_LOOKUP_ID, TIME_STAMP, USER_ID) values (54, 'activity_code', 611, sysdate, user);
insert into PP_IMPORT_COLUMN_LOOKUP (IMPORT_TYPE_ID, COLUMN_NAME, IMPORT_LOOKUP_ID, TIME_STAMP, USER_ID) values (54, 'disposition_code', 615, sysdate, user);
insert into PP_IMPORT_COLUMN_LOOKUP (IMPORT_TYPE_ID, COLUMN_NAME, IMPORT_LOOKUP_ID, TIME_STAMP, USER_ID) values (54, 'ferc_activity_code', 616, sysdate, user);
insert into PP_IMPORT_COLUMN_LOOKUP (IMPORT_TYPE_ID, COLUMN_NAME, IMPORT_LOOKUP_ID, TIME_STAMP, USER_ID) values (54, 'gl_je_code', 617, sysdate, user);
insert into PP_IMPORT_COLUMN_LOOKUP (IMPORT_TYPE_ID, COLUMN_NAME, IMPORT_LOOKUP_ID, TIME_STAMP, USER_ID) values (55, 'company_id', 19, sysdate, user);
insert into PP_IMPORT_COLUMN_LOOKUP (IMPORT_TYPE_ID, COLUMN_NAME, IMPORT_LOOKUP_ID, TIME_STAMP, USER_ID) values (55, 'company_id', 20, sysdate, user);
insert into PP_IMPORT_COLUMN_LOOKUP (IMPORT_TYPE_ID, COLUMN_NAME, IMPORT_LOOKUP_ID, TIME_STAMP, USER_ID) values (55, 'company_id', 21, sysdate, user);
insert into PP_IMPORT_COLUMN_LOOKUP (IMPORT_TYPE_ID, COLUMN_NAME, IMPORT_LOOKUP_ID, TIME_STAMP, USER_ID) values (55, 'asset_id', 504, sysdate, user);
insert into PP_IMPORT_COLUMN_LOOKUP (IMPORT_TYPE_ID, COLUMN_NAME, IMPORT_LOOKUP_ID, TIME_STAMP, USER_ID) values (55, 'asset_id', 505, sysdate, user);
insert into PP_IMPORT_COLUMN_LOOKUP (IMPORT_TYPE_ID, COLUMN_NAME, IMPORT_LOOKUP_ID, TIME_STAMP, USER_ID) values (55, 'asset_id', 506, sysdate, user);
insert into PP_IMPORT_COLUMN_LOOKUP (IMPORT_TYPE_ID, COLUMN_NAME, IMPORT_LOOKUP_ID, TIME_STAMP, USER_ID) values (55, 'class_code_id', 621, sysdate, user);

--
-- Create Default Template
--
insert into PP_IMPORT_TEMPLATE
   (IMPORT_TEMPLATE_ID, IMPORT_TYPE_ID, DESCRIPTION, LONG_DESCRIPTION, CREATED_BY, CREATED_DATE,
    DO_UPDATE_WITH_ADD, UPDATES_IMPORT_LOOKUP_ID, FILTER_CLAUSE, TIME_STAMP, USER_ID)
   select PP_IMPORT_TEMPLATE_SEQ.NEXTVAL,
          50,
          'Group Depr minimum requirement',
          'Minimum required columns for Group Depreciation',
          'PWRPLANT',
          sysdate,
          1,
          null,
          null,
          sysdate,
          user
     from DUAL;

insert into PP_IMPORT_TEMPLATE
   (IMPORT_TEMPLATE_ID, IMPORT_TYPE_ID, DESCRIPTION, LONG_DESCRIPTION, CREATED_BY, CREATED_DATE,
    DO_UPDATE_WITH_ADD, UPDATES_IMPORT_LOOKUP_ID, FILTER_CLAUSE, TIME_STAMP, USER_ID)
   select PP_IMPORT_TEMPLATE_SEQ.NEXTVAL,
          51,
          'Asset Depr minimum requirement',
          'Minimum required columns for Asset Depreciation',
          'PWRPLANT',
          sysdate,
          1,
          null,
          null,
          sysdate,
          user
     from DUAL;

insert into PP_IMPORT_TEMPLATE
   (IMPORT_TEMPLATE_ID, IMPORT_TYPE_ID, DESCRIPTION, LONG_DESCRIPTION, CREATED_BY, CREATED_DATE,
    DO_UPDATE_WITH_ADD, UPDATES_IMPORT_LOOKUP_ID, FILTER_CLAUSE, TIME_STAMP, USER_ID)
   select PP_IMPORT_TEMPLATE_SEQ.NEXTVAL,
          52,
          'Depr Rates minimum requirements',
          'Minimum required Columns for Depr Rates Import',
          'PWRPLANT',
          sysdate,
          1,
          null,
          null,
          sysdate,
          user
     from DUAL;

insert into PP_IMPORT_TEMPLATE
   (IMPORT_TEMPLATE_ID, IMPORT_TYPE_ID, DESCRIPTION, LONG_DESCRIPTION, CREATED_BY, CREATED_DATE,
    DO_UPDATE_WITH_ADD, UPDATES_IMPORT_LOOKUP_ID, FILTER_CLAUSE, TIME_STAMP, USER_ID)
   select PP_IMPORT_TEMPLATE_SEQ.NEXTVAL,
          53,
          'CPR Loader Minimum Required Columns',
          'CPR Loader Minimum Required Columns',
          'PWRPLANT',
          sysdate,
          1,
          null,
          null,
          sysdate,
          user
     from DUAL;

insert into PP_IMPORT_TEMPLATE
   (IMPORT_TEMPLATE_ID, IMPORT_TYPE_ID, DESCRIPTION, LONG_DESCRIPTION, CREATED_BY, CREATED_DATE,
    DO_UPDATE_WITH_ADD, UPDATES_IMPORT_LOOKUP_ID, FILTER_CLAUSE, TIME_STAMP, USER_ID)
   select PP_IMPORT_TEMPLATE_SEQ.NEXTVAL,
          54,
          'CPR Existing Asset Minimum Required',
          'CPR Existing Asset Minimum Required Columns',
          'PWRPLANT',
          sysdate,
          1,
          null,
          null,
          sysdate,
          user
     from DUAL;

insert into PP_IMPORT_TEMPLATE
   (IMPORT_TEMPLATE_ID, IMPORT_TYPE_ID, DESCRIPTION, LONG_DESCRIPTION, CREATED_BY, CREATED_DATE,
    DO_UPDATE_WITH_ADD, UPDATES_IMPORT_LOOKUP_ID, FILTER_CLAUSE, TIME_STAMP, USER_ID)
   select PP_IMPORT_TEMPLATE_SEQ.NEXTVAL,
          55,
          'CPR Class Code Minimum Required',
          'CPR Class Code Minimum Required Columns',
          'PWRPLANT',
          sysdate,
          1,
          null,
          null,
          sysdate,
          user
     from DUAL;

--
-- Create Default Template Fields
--

alter table PP_IMPORT_TEMPLATE_FIELDS modify AUTOCREATE_YN null;

insert into PP_IMPORT_TEMPLATE_FIELDS
   (IMPORT_TEMPLATE_ID, FIELD_ID, IMPORT_TYPE_ID, COLUMN_NAME, IMPORT_LOOKUP_ID, TIME_STAMP,
    USER_ID)
   select PP_IMPORT_TEMPLATE.IMPORT_TEMPLATE_ID, 1, 50, 'company_id', 21, sysdate, user
     from PP_IMPORT_TEMPLATE
    where PP_IMPORT_TEMPLATE.IMPORT_TYPE_ID = 50
      and PP_IMPORT_TEMPLATE.DESCRIPTION = 'Group Depr minimum requirement';

insert into PP_IMPORT_TEMPLATE_FIELDS
   (IMPORT_TEMPLATE_ID, FIELD_ID, IMPORT_TYPE_ID, COLUMN_NAME, IMPORT_LOOKUP_ID, TIME_STAMP,
    USER_ID)
   select PP_IMPORT_TEMPLATE.IMPORT_TEMPLATE_ID, 2, 50, 'set_of_books_id', 501, sysdate, user
     from PP_IMPORT_TEMPLATE
    where PP_IMPORT_TEMPLATE.IMPORT_TYPE_ID = 50
      and PP_IMPORT_TEMPLATE.DESCRIPTION = 'Group Depr minimum requirement';

insert into PP_IMPORT_TEMPLATE_FIELDS
   (IMPORT_TEMPLATE_ID, FIELD_ID, IMPORT_TYPE_ID, COLUMN_NAME, IMPORT_LOOKUP_ID, TIME_STAMP,
    USER_ID)
   select PP_IMPORT_TEMPLATE.IMPORT_TEMPLATE_ID, 3, 50, 'depr_group_id', 502, sysdate, user
     from PP_IMPORT_TEMPLATE
    where PP_IMPORT_TEMPLATE.IMPORT_TYPE_ID = 50
      and PP_IMPORT_TEMPLATE.DESCRIPTION = 'Group Depr minimum requirement';

insert into PP_IMPORT_TEMPLATE_FIELDS
   (IMPORT_TEMPLATE_ID, FIELD_ID, IMPORT_TYPE_ID, COLUMN_NAME, IMPORT_LOOKUP_ID, TIME_STAMP,
    USER_ID)
   select PP_IMPORT_TEMPLATE.IMPORT_TEMPLATE_ID, 4, 50, 'gl_post_mo_yr', null, sysdate, user
     from PP_IMPORT_TEMPLATE
    where PP_IMPORT_TEMPLATE.IMPORT_TYPE_ID = 50
      and PP_IMPORT_TEMPLATE.DESCRIPTION = 'Group Depr minimum requirement';

insert into PP_IMPORT_TEMPLATE_FIELDS
   (IMPORT_TEMPLATE_ID, FIELD_ID, IMPORT_TYPE_ID, COLUMN_NAME, IMPORT_LOOKUP_ID, TIME_STAMP,
    USER_ID)
   select PP_IMPORT_TEMPLATE.IMPORT_TEMPLATE_ID, 5, 50, 'begin_reserve', null, sysdate, user
     from PP_IMPORT_TEMPLATE
    where PP_IMPORT_TEMPLATE.IMPORT_TYPE_ID = 50
      and PP_IMPORT_TEMPLATE.DESCRIPTION = 'Group Depr minimum requirement';

insert into PP_IMPORT_TEMPLATE_FIELDS
   (IMPORT_TEMPLATE_ID, FIELD_ID, IMPORT_TYPE_ID, COLUMN_NAME, IMPORT_LOOKUP_ID, TIME_STAMP,
    USER_ID)
   select PP_IMPORT_TEMPLATE.IMPORT_TEMPLATE_ID, 6, 50, 'depreciation_expense', null, sysdate, user
     from PP_IMPORT_TEMPLATE
    where PP_IMPORT_TEMPLATE.IMPORT_TYPE_ID = 50
      and PP_IMPORT_TEMPLATE.DESCRIPTION = 'Group Depr minimum requirement';

insert into PP_IMPORT_TEMPLATE_FIELDS
   (IMPORT_TEMPLATE_ID, FIELD_ID, IMPORT_TYPE_ID, COLUMN_NAME, IMPORT_LOOKUP_ID, TIME_STAMP,
    USER_ID)
   select PP_IMPORT_TEMPLATE.IMPORT_TEMPLATE_ID, 1, 51, 'company_id', 21, sysdate, user
     from PP_IMPORT_TEMPLATE
    where PP_IMPORT_TEMPLATE.IMPORT_TYPE_ID = 51
      and PP_IMPORT_TEMPLATE.DESCRIPTION = 'Asset Depr minimum requirement';

insert into PP_IMPORT_TEMPLATE_FIELDS
   (IMPORT_TEMPLATE_ID, FIELD_ID, IMPORT_TYPE_ID, COLUMN_NAME, IMPORT_LOOKUP_ID, TIME_STAMP,
    USER_ID)
   select PP_IMPORT_TEMPLATE.IMPORT_TEMPLATE_ID, 2, 51, 'set_of_books_id', 501, sysdate, user
     from PP_IMPORT_TEMPLATE
    where PP_IMPORT_TEMPLATE.IMPORT_TYPE_ID = 51
      and PP_IMPORT_TEMPLATE.DESCRIPTION = 'Asset Depr minimum requirement';

insert into PP_IMPORT_TEMPLATE_FIELDS
   (IMPORT_TEMPLATE_ID, FIELD_ID, IMPORT_TYPE_ID, COLUMN_NAME, IMPORT_LOOKUP_ID, TIME_STAMP,
    USER_ID)
   select PP_IMPORT_TEMPLATE.IMPORT_TEMPLATE_ID, 3, 51, 'asset_id', null, sysdate, user
     from PP_IMPORT_TEMPLATE
    where PP_IMPORT_TEMPLATE.IMPORT_TYPE_ID = 51
      and PP_IMPORT_TEMPLATE.DESCRIPTION = 'Asset Depr minimum requirement';

insert into PP_IMPORT_TEMPLATE_FIELDS
   (IMPORT_TEMPLATE_ID, FIELD_ID, IMPORT_TYPE_ID, COLUMN_NAME, IMPORT_LOOKUP_ID, TIME_STAMP,
    USER_ID)
   select PP_IMPORT_TEMPLATE.IMPORT_TEMPLATE_ID, 4, 51, 'depr_group_id', 502, sysdate, user
     from PP_IMPORT_TEMPLATE
    where PP_IMPORT_TEMPLATE.IMPORT_TYPE_ID = 51
      and PP_IMPORT_TEMPLATE.DESCRIPTION = 'Asset Depr minimum requirement';

insert into PP_IMPORT_TEMPLATE_FIELDS
   (IMPORT_TEMPLATE_ID, FIELD_ID, IMPORT_TYPE_ID, COLUMN_NAME, IMPORT_LOOKUP_ID, TIME_STAMP,
    USER_ID)
   select PP_IMPORT_TEMPLATE.IMPORT_TEMPLATE_ID, 5, 51, 'gl_posting_mo_yr', null, sysdate, user
     from PP_IMPORT_TEMPLATE
    where PP_IMPORT_TEMPLATE.IMPORT_TYPE_ID = 51
      and PP_IMPORT_TEMPLATE.DESCRIPTION = 'Asset Depr minimum requirement';

insert into PP_IMPORT_TEMPLATE_FIELDS
   (IMPORT_TEMPLATE_ID, FIELD_ID, IMPORT_TYPE_ID, COLUMN_NAME, IMPORT_LOOKUP_ID, TIME_STAMP,
    USER_ID)
   select PP_IMPORT_TEMPLATE.IMPORT_TEMPLATE_ID, 6, 51, 'beg_reserve_month', null, sysdate, user
     from PP_IMPORT_TEMPLATE
    where PP_IMPORT_TEMPLATE.IMPORT_TYPE_ID = 51
      and PP_IMPORT_TEMPLATE.DESCRIPTION = 'Asset Depr minimum requirement';

insert into PP_IMPORT_TEMPLATE_FIELDS
   (IMPORT_TEMPLATE_ID, FIELD_ID, IMPORT_TYPE_ID, COLUMN_NAME, IMPORT_LOOKUP_ID, TIME_STAMP,
    USER_ID)
   select PP_IMPORT_TEMPLATE.IMPORT_TEMPLATE_ID, 7, 51, 'curr_depr_expense', null, sysdate, user
     from PP_IMPORT_TEMPLATE
    where PP_IMPORT_TEMPLATE.IMPORT_TYPE_ID = 51
      and PP_IMPORT_TEMPLATE.DESCRIPTION = 'Asset Depr minimum requirement';

insert into PP_IMPORT_TEMPLATE_FIELDS
   (IMPORT_TEMPLATE_ID, FIELD_ID, IMPORT_TYPE_ID, COLUMN_NAME, IMPORT_LOOKUP_ID, TIME_STAMP,
    USER_ID)
   select PP_IMPORT_TEMPLATE.IMPORT_TEMPLATE_ID, 1, 52, 'depr_method_id', 507, sysdate, user
     from PP_IMPORT_TEMPLATE
    where PP_IMPORT_TEMPLATE.IMPORT_TYPE_ID = 52
      and PP_IMPORT_TEMPLATE.DESCRIPTION = 'Depr Rates minimum requirements';

insert into PP_IMPORT_TEMPLATE_FIELDS
   (IMPORT_TEMPLATE_ID, FIELD_ID, IMPORT_TYPE_ID, COLUMN_NAME, IMPORT_LOOKUP_ID, TIME_STAMP,
    USER_ID)
   select PP_IMPORT_TEMPLATE.IMPORT_TEMPLATE_ID, 2, 52, 'set_of_books_id', 501, sysdate, user
     from PP_IMPORT_TEMPLATE
    where PP_IMPORT_TEMPLATE.IMPORT_TYPE_ID = 52
      and PP_IMPORT_TEMPLATE.DESCRIPTION = 'Depr Rates minimum requirements';

insert into PP_IMPORT_TEMPLATE_FIELDS
   (IMPORT_TEMPLATE_ID, FIELD_ID, IMPORT_TYPE_ID, COLUMN_NAME, IMPORT_LOOKUP_ID, TIME_STAMP,
    USER_ID)
   select PP_IMPORT_TEMPLATE.IMPORT_TEMPLATE_ID, 3, 52, 'effective_date', null, sysdate, user
     from PP_IMPORT_TEMPLATE
    where PP_IMPORT_TEMPLATE.IMPORT_TYPE_ID = 52
      and PP_IMPORT_TEMPLATE.DESCRIPTION = 'Depr Rates minimum requirements';

insert into PP_IMPORT_TEMPLATE_FIELDS
   (IMPORT_TEMPLATE_ID, FIELD_ID, IMPORT_TYPE_ID, COLUMN_NAME, IMPORT_LOOKUP_ID, TIME_STAMP,
    USER_ID)
   select PP_IMPORT_TEMPLATE.IMPORT_TEMPLATE_ID, 4, 52, 'rate', null, sysdate, user
     from PP_IMPORT_TEMPLATE
    where PP_IMPORT_TEMPLATE.IMPORT_TYPE_ID = 52
      and PP_IMPORT_TEMPLATE.DESCRIPTION = 'Depr Rates minimum requirements';

insert into PP_IMPORT_TEMPLATE_FIELDS
   (IMPORT_TEMPLATE_ID, FIELD_ID, IMPORT_TYPE_ID, COLUMN_NAME, IMPORT_LOOKUP_ID, TIME_STAMP,
    USER_ID)
   select PP_IMPORT_TEMPLATE.IMPORT_TEMPLATE_ID, 5, 52, 'cost_of_removal_rate', null, sysdate, user
     from PP_IMPORT_TEMPLATE
    where PP_IMPORT_TEMPLATE.IMPORT_TYPE_ID = 52
      and PP_IMPORT_TEMPLATE.DESCRIPTION = 'Depr Rates minimum requirements';

insert into PP_IMPORT_TEMPLATE_FIELDS
   (IMPORT_TEMPLATE_ID, FIELD_ID, IMPORT_TYPE_ID, COLUMN_NAME, IMPORT_LOOKUP_ID, TIME_STAMP,
    USER_ID)
   select PP_IMPORT_TEMPLATE.IMPORT_TEMPLATE_ID, 6, 52, 'cost_of_removal_pct', null, sysdate, user
     from PP_IMPORT_TEMPLATE
    where PP_IMPORT_TEMPLATE.IMPORT_TYPE_ID = 52
      and PP_IMPORT_TEMPLATE.DESCRIPTION = 'Depr Rates minimum requirements';

insert into PP_IMPORT_TEMPLATE_FIELDS
   (IMPORT_TEMPLATE_ID, FIELD_ID, IMPORT_TYPE_ID, COLUMN_NAME, IMPORT_LOOKUP_ID, TIME_STAMP,
    USER_ID)
   select PP_IMPORT_TEMPLATE.IMPORT_TEMPLATE_ID, 7, 52, 'salvage_rate', null, sysdate, user
     from PP_IMPORT_TEMPLATE
    where PP_IMPORT_TEMPLATE.IMPORT_TYPE_ID = 52
      and PP_IMPORT_TEMPLATE.DESCRIPTION = 'Depr Rates minimum requirements';

insert into PP_IMPORT_TEMPLATE_FIELDS
   (IMPORT_TEMPLATE_ID, FIELD_ID, IMPORT_TYPE_ID, COLUMN_NAME, IMPORT_LOOKUP_ID, TIME_STAMP,
    USER_ID)
   select PP_IMPORT_TEMPLATE.IMPORT_TEMPLATE_ID, 8, 52, 'net_salvage_pct', null, sysdate, user
     from PP_IMPORT_TEMPLATE
    where PP_IMPORT_TEMPLATE.IMPORT_TYPE_ID = 52
      and PP_IMPORT_TEMPLATE.DESCRIPTION = 'Depr Rates minimum requirements';

insert into PP_IMPORT_TEMPLATE_FIELDS
   (IMPORT_TEMPLATE_ID, FIELD_ID, IMPORT_TYPE_ID, COLUMN_NAME, IMPORT_LOOKUP_ID, TIME_STAMP,
    USER_ID)
   select PP_IMPORT_TEMPLATE.IMPORT_TEMPLATE_ID, 9, 52, 'interest_rate', null, sysdate, user
     from PP_IMPORT_TEMPLATE
    where PP_IMPORT_TEMPLATE.IMPORT_TYPE_ID = 52
      and PP_IMPORT_TEMPLATE.DESCRIPTION = 'Depr Rates minimum requirements';

insert into PP_IMPORT_TEMPLATE_FIELDS
   (IMPORT_TEMPLATE_ID, FIELD_ID, IMPORT_TYPE_ID, COLUMN_NAME, IMPORT_LOOKUP_ID, TIME_STAMP,
    USER_ID)
   select PP_IMPORT_TEMPLATE.IMPORT_TEMPLATE_ID, 1, 53, 'company_id', 19, sysdate, user
     from PP_IMPORT_TEMPLATE
    where PP_IMPORT_TEMPLATE.IMPORT_TYPE_ID = 53
      and PP_IMPORT_TEMPLATE.DESCRIPTION = 'CPR Loader Minimum Required Columns';

insert into PP_IMPORT_TEMPLATE_FIELDS
   (IMPORT_TEMPLATE_ID, FIELD_ID, IMPORT_TYPE_ID, COLUMN_NAME, IMPORT_LOOKUP_ID, TIME_STAMP,
    USER_ID)
   select PP_IMPORT_TEMPLATE.IMPORT_TEMPLATE_ID, 2, 53, 'books_schema_id', 600, sysdate, user
     from PP_IMPORT_TEMPLATE
    where PP_IMPORT_TEMPLATE.IMPORT_TYPE_ID = 53
      and PP_IMPORT_TEMPLATE.DESCRIPTION = 'CPR Loader Minimum Required Columns';

insert into PP_IMPORT_TEMPLATE_FIELDS
   (IMPORT_TEMPLATE_ID, FIELD_ID, IMPORT_TYPE_ID, COLUMN_NAME, IMPORT_LOOKUP_ID, TIME_STAMP,
    USER_ID)
   select PP_IMPORT_TEMPLATE.IMPORT_TEMPLATE_ID, 3, 53, 'gl_account_id', 603, sysdate, user
     from PP_IMPORT_TEMPLATE
    where PP_IMPORT_TEMPLATE.IMPORT_TYPE_ID = 53
      and PP_IMPORT_TEMPLATE.DESCRIPTION = 'CPR Loader Minimum Required Columns';

insert into PP_IMPORT_TEMPLATE_FIELDS
   (IMPORT_TEMPLATE_ID, FIELD_ID, IMPORT_TYPE_ID, COLUMN_NAME, IMPORT_LOOKUP_ID, TIME_STAMP,
    USER_ID)
   select PP_IMPORT_TEMPLATE.IMPORT_TEMPLATE_ID, 4, 53, 'bus_segment_id', 605, sysdate, user
     from PP_IMPORT_TEMPLATE
    where PP_IMPORT_TEMPLATE.IMPORT_TYPE_ID = 53
      and PP_IMPORT_TEMPLATE.DESCRIPTION = 'CPR Loader Minimum Required Columns';

insert into PP_IMPORT_TEMPLATE_FIELDS
   (IMPORT_TEMPLATE_ID, FIELD_ID, IMPORT_TYPE_ID, COLUMN_NAME, IMPORT_LOOKUP_ID, TIME_STAMP,
    USER_ID)
   select PP_IMPORT_TEMPLATE.IMPORT_TEMPLATE_ID, 5, 53, 'utility_account_id', 28, sysdate, user
     from PP_IMPORT_TEMPLATE
    where PP_IMPORT_TEMPLATE.IMPORT_TYPE_ID = 53
      and PP_IMPORT_TEMPLATE.DESCRIPTION = 'CPR Loader Minimum Required Columns';

insert into PP_IMPORT_TEMPLATE_FIELDS
   (IMPORT_TEMPLATE_ID, FIELD_ID, IMPORT_TYPE_ID, COLUMN_NAME, IMPORT_LOOKUP_ID, TIME_STAMP,
    USER_ID)
   select PP_IMPORT_TEMPLATE.IMPORT_TEMPLATE_ID, 6, 53, 'subledger_indicator', 620, sysdate, user
     from PP_IMPORT_TEMPLATE
    where PP_IMPORT_TEMPLATE.IMPORT_TYPE_ID = 53
      and PP_IMPORT_TEMPLATE.DESCRIPTION = 'CPR Loader Minimum Required Columns';

insert into PP_IMPORT_TEMPLATE_FIELDS
   (IMPORT_TEMPLATE_ID, FIELD_ID, IMPORT_TYPE_ID, COLUMN_NAME, IMPORT_LOOKUP_ID, TIME_STAMP,
    USER_ID)
   select PP_IMPORT_TEMPLATE.IMPORT_TEMPLATE_ID, 7, 53, 'property_group_id', 618, sysdate, user
     from PP_IMPORT_TEMPLATE
    where PP_IMPORT_TEMPLATE.IMPORT_TYPE_ID = 53
      and PP_IMPORT_TEMPLATE.DESCRIPTION = 'CPR Loader Minimum Required Columns';

insert into PP_IMPORT_TEMPLATE_FIELDS
   (IMPORT_TEMPLATE_ID, FIELD_ID, IMPORT_TYPE_ID, COLUMN_NAME, IMPORT_LOOKUP_ID, TIME_STAMP,
    USER_ID)
   select PP_IMPORT_TEMPLATE.IMPORT_TEMPLATE_ID, 8, 53, 'retirement_unit_id', 608, sysdate, user
     from PP_IMPORT_TEMPLATE
    where PP_IMPORT_TEMPLATE.IMPORT_TYPE_ID = 53
      and PP_IMPORT_TEMPLATE.DESCRIPTION = 'CPR Loader Minimum Required Columns';

insert into PP_IMPORT_TEMPLATE_FIELDS
   (IMPORT_TEMPLATE_ID, FIELD_ID, IMPORT_TYPE_ID, COLUMN_NAME, IMPORT_LOOKUP_ID, TIME_STAMP,
    USER_ID)
   select PP_IMPORT_TEMPLATE.IMPORT_TEMPLATE_ID, 9, 53, 'asset_location_id', 609, sysdate, user
     from PP_IMPORT_TEMPLATE
    where PP_IMPORT_TEMPLATE.IMPORT_TYPE_ID = 53
      and PP_IMPORT_TEMPLATE.DESCRIPTION = 'CPR Loader Minimum Required Columns';

insert into PP_IMPORT_TEMPLATE_FIELDS
   (IMPORT_TEMPLATE_ID, FIELD_ID, IMPORT_TYPE_ID, COLUMN_NAME, IMPORT_LOOKUP_ID, TIME_STAMP,
    USER_ID)
   select PP_IMPORT_TEMPLATE.IMPORT_TEMPLATE_ID, 10, 53, 'eng_in_service_year', null, sysdate, user
     from PP_IMPORT_TEMPLATE
    where PP_IMPORT_TEMPLATE.IMPORT_TYPE_ID = 53
      and PP_IMPORT_TEMPLATE.DESCRIPTION = 'CPR Loader Minimum Required Columns';

insert into PP_IMPORT_TEMPLATE_FIELDS
   (IMPORT_TEMPLATE_ID, FIELD_ID, IMPORT_TYPE_ID, COLUMN_NAME, IMPORT_LOOKUP_ID, TIME_STAMP,
    USER_ID)
   select PP_IMPORT_TEMPLATE.IMPORT_TEMPLATE_ID, 11, 53, 'long_description', null, sysdate, user
     from PP_IMPORT_TEMPLATE
    where PP_IMPORT_TEMPLATE.IMPORT_TYPE_ID = 53
      and PP_IMPORT_TEMPLATE.DESCRIPTION = 'CPR Loader Minimum Required Columns';

insert into PP_IMPORT_TEMPLATE_FIELDS
   (IMPORT_TEMPLATE_ID, FIELD_ID, IMPORT_TYPE_ID, COLUMN_NAME, IMPORT_LOOKUP_ID, TIME_STAMP,
    USER_ID)
   select PP_IMPORT_TEMPLATE.IMPORT_TEMPLATE_ID, 12, 53, 'gl_posting_mo_yr', null, sysdate, user
     from PP_IMPORT_TEMPLATE
    where PP_IMPORT_TEMPLATE.IMPORT_TYPE_ID = 53
      and PP_IMPORT_TEMPLATE.DESCRIPTION = 'CPR Loader Minimum Required Columns';

insert into PP_IMPORT_TEMPLATE_FIELDS
   (IMPORT_TEMPLATE_ID, FIELD_ID, IMPORT_TYPE_ID, COLUMN_NAME, IMPORT_LOOKUP_ID, TIME_STAMP,
    USER_ID)
   select PP_IMPORT_TEMPLATE.IMPORT_TEMPLATE_ID,
          13,
          53,
          'act_work_order_number',
          null,
          sysdate,
          user
     from PP_IMPORT_TEMPLATE
    where PP_IMPORT_TEMPLATE.IMPORT_TYPE_ID = 53
      and PP_IMPORT_TEMPLATE.DESCRIPTION = 'CPR Loader Minimum Required Columns';

insert into PP_IMPORT_TEMPLATE_FIELDS
   (IMPORT_TEMPLATE_ID, FIELD_ID, IMPORT_TYPE_ID, COLUMN_NAME, IMPORT_LOOKUP_ID, TIME_STAMP,
    USER_ID)
   select PP_IMPORT_TEMPLATE.IMPORT_TEMPLATE_ID, 14, 53, 'activity_code', 611, sysdate, user
     from PP_IMPORT_TEMPLATE
    where PP_IMPORT_TEMPLATE.IMPORT_TYPE_ID = 53
      and PP_IMPORT_TEMPLATE.DESCRIPTION = 'CPR Loader Minimum Required Columns';

insert into PP_IMPORT_TEMPLATE_FIELDS
   (IMPORT_TEMPLATE_ID, FIELD_ID, IMPORT_TYPE_ID, COLUMN_NAME, IMPORT_LOOKUP_ID, TIME_STAMP,
    USER_ID)
   select PP_IMPORT_TEMPLATE.IMPORT_TEMPLATE_ID,
          15,
          53,
          'act_long_description',
          null,
          sysdate,
          user
     from PP_IMPORT_TEMPLATE
    where PP_IMPORT_TEMPLATE.IMPORT_TYPE_ID = 53
      and PP_IMPORT_TEMPLATE.DESCRIPTION = 'CPR Loader Minimum Required Columns';

insert into PP_IMPORT_TEMPLATE_FIELDS
   (IMPORT_TEMPLATE_ID, FIELD_ID, IMPORT_TYPE_ID, COLUMN_NAME, IMPORT_LOOKUP_ID, TIME_STAMP,
    USER_ID)
   select PP_IMPORT_TEMPLATE.IMPORT_TEMPLATE_ID, 16, 53, 'activity_quantity', null, sysdate, user
     from PP_IMPORT_TEMPLATE
    where PP_IMPORT_TEMPLATE.IMPORT_TYPE_ID = 53
      and PP_IMPORT_TEMPLATE.DESCRIPTION = 'CPR Loader Minimum Required Columns';

insert into PP_IMPORT_TEMPLATE_FIELDS
   (IMPORT_TEMPLATE_ID, FIELD_ID, IMPORT_TYPE_ID, COLUMN_NAME, IMPORT_LOOKUP_ID, TIME_STAMP,
    USER_ID)
   select PP_IMPORT_TEMPLATE.IMPORT_TEMPLATE_ID, 17, 53, 'basis_1', null, sysdate, user
     from PP_IMPORT_TEMPLATE
    where PP_IMPORT_TEMPLATE.IMPORT_TYPE_ID = 53
      and PP_IMPORT_TEMPLATE.DESCRIPTION = 'CPR Loader Minimum Required Columns';

insert into PP_IMPORT_TEMPLATE_FIELDS
   (IMPORT_TEMPLATE_ID, FIELD_ID, IMPORT_TYPE_ID, COLUMN_NAME, IMPORT_LOOKUP_ID, TIME_STAMP,
    USER_ID)
   select PP_IMPORT_TEMPLATE.IMPORT_TEMPLATE_ID, 1, 54, 'company_id', 21, sysdate, user
     from PP_IMPORT_TEMPLATE
    where PP_IMPORT_TEMPLATE.IMPORT_TYPE_ID = 54
      and PP_IMPORT_TEMPLATE.DESCRIPTION = 'CPR Existing Asset Minimum Required';

insert into PP_IMPORT_TEMPLATE_FIELDS
   (IMPORT_TEMPLATE_ID, FIELD_ID, IMPORT_TYPE_ID, COLUMN_NAME, IMPORT_LOOKUP_ID, TIME_STAMP,
    USER_ID)
   select PP_IMPORT_TEMPLATE.IMPORT_TEMPLATE_ID, 2, 54, 'asset_id', null, sysdate, user
     from PP_IMPORT_TEMPLATE
    where PP_IMPORT_TEMPLATE.IMPORT_TYPE_ID = 54
      and PP_IMPORT_TEMPLATE.DESCRIPTION = 'CPR Existing Asset Minimum Required';

insert into PP_IMPORT_TEMPLATE_FIELDS
   (IMPORT_TEMPLATE_ID, FIELD_ID, IMPORT_TYPE_ID, COLUMN_NAME, IMPORT_LOOKUP_ID, TIME_STAMP,
    USER_ID)
   select PP_IMPORT_TEMPLATE.IMPORT_TEMPLATE_ID, 3, 54, 'act_long_description', null, sysdate, user
     from PP_IMPORT_TEMPLATE
    where PP_IMPORT_TEMPLATE.IMPORT_TYPE_ID = 54
      and PP_IMPORT_TEMPLATE.DESCRIPTION = 'CPR Existing Asset Minimum Required';

insert into PP_IMPORT_TEMPLATE_FIELDS
   (IMPORT_TEMPLATE_ID, FIELD_ID, IMPORT_TYPE_ID, COLUMN_NAME, IMPORT_LOOKUP_ID, TIME_STAMP,
    USER_ID)
   select PP_IMPORT_TEMPLATE.IMPORT_TEMPLATE_ID,
          4,
          54,
          'act_work_order_number',
          null,
          sysdate,
          user
     from PP_IMPORT_TEMPLATE
    where PP_IMPORT_TEMPLATE.IMPORT_TYPE_ID = 54
      and PP_IMPORT_TEMPLATE.DESCRIPTION = 'CPR Existing Asset Minimum Required';

insert into PP_IMPORT_TEMPLATE_FIELDS
   (IMPORT_TEMPLATE_ID, FIELD_ID, IMPORT_TYPE_ID, COLUMN_NAME, IMPORT_LOOKUP_ID, TIME_STAMP,
    USER_ID)
   select PP_IMPORT_TEMPLATE.IMPORT_TEMPLATE_ID, 5, 54, 'activity_code', 611, sysdate, user
     from PP_IMPORT_TEMPLATE
    where PP_IMPORT_TEMPLATE.IMPORT_TYPE_ID = 54
      and PP_IMPORT_TEMPLATE.DESCRIPTION = 'CPR Existing Asset Minimum Required';

insert into PP_IMPORT_TEMPLATE_FIELDS
   (IMPORT_TEMPLATE_ID, FIELD_ID, IMPORT_TYPE_ID, COLUMN_NAME, IMPORT_LOOKUP_ID, TIME_STAMP,
    USER_ID)
   select PP_IMPORT_TEMPLATE.IMPORT_TEMPLATE_ID, 6, 54, 'activity_quantity', null, sysdate, user
     from PP_IMPORT_TEMPLATE
    where PP_IMPORT_TEMPLATE.IMPORT_TYPE_ID = 54
      and PP_IMPORT_TEMPLATE.DESCRIPTION = 'CPR Existing Asset Minimum Required';

insert into PP_IMPORT_TEMPLATE_FIELDS
   (IMPORT_TEMPLATE_ID, FIELD_ID, IMPORT_TYPE_ID, COLUMN_NAME, IMPORT_LOOKUP_ID, TIME_STAMP,
    USER_ID)
   select PP_IMPORT_TEMPLATE.IMPORT_TEMPLATE_ID, 7, 54, 'gl_posting_mo_yr', null, sysdate, user
     from PP_IMPORT_TEMPLATE
    where PP_IMPORT_TEMPLATE.IMPORT_TYPE_ID = 54
      and PP_IMPORT_TEMPLATE.DESCRIPTION = 'CPR Existing Asset Minimum Required';

insert into PP_IMPORT_TEMPLATE_FIELDS
   (IMPORT_TEMPLATE_ID, FIELD_ID, IMPORT_TYPE_ID, COLUMN_NAME, IMPORT_LOOKUP_ID, TIME_STAMP,
    USER_ID)
   select PP_IMPORT_TEMPLATE.IMPORT_TEMPLATE_ID, 8, 54, 'basis_1', null, sysdate, user
     from PP_IMPORT_TEMPLATE
    where PP_IMPORT_TEMPLATE.IMPORT_TYPE_ID = 54
      and PP_IMPORT_TEMPLATE.DESCRIPTION = 'CPR Existing Asset Minimum Required';

insert into PP_IMPORT_TEMPLATE_FIELDS
   (IMPORT_TEMPLATE_ID, FIELD_ID, IMPORT_TYPE_ID, COLUMN_NAME, IMPORT_LOOKUP_ID, TIME_STAMP,
    USER_ID)
   select PP_IMPORT_TEMPLATE.IMPORT_TEMPLATE_ID, 1, 55, 'company_id', 21, sysdate, user
     from PP_IMPORT_TEMPLATE
    where PP_IMPORT_TEMPLATE.IMPORT_TYPE_ID = 55
      and PP_IMPORT_TEMPLATE.DESCRIPTION = 'CPR Class Code Minimum Required';

insert into PP_IMPORT_TEMPLATE_FIELDS
   (IMPORT_TEMPLATE_ID, FIELD_ID, IMPORT_TYPE_ID, COLUMN_NAME, IMPORT_LOOKUP_ID, TIME_STAMP,
    USER_ID)
   select PP_IMPORT_TEMPLATE.IMPORT_TEMPLATE_ID, 2, 55, 'asset_id', null, sysdate, user
     from PP_IMPORT_TEMPLATE
    where PP_IMPORT_TEMPLATE.IMPORT_TYPE_ID = 55
      and PP_IMPORT_TEMPLATE.DESCRIPTION = 'CPR Class Code Minimum Required';

insert into PP_IMPORT_TEMPLATE_FIELDS
   (IMPORT_TEMPLATE_ID, FIELD_ID, IMPORT_TYPE_ID, COLUMN_NAME, IMPORT_LOOKUP_ID, TIME_STAMP,
    USER_ID)
   select PP_IMPORT_TEMPLATE.IMPORT_TEMPLATE_ID, 3, 55, 'class_code_id', 621, sysdate, user
     from PP_IMPORT_TEMPLATE
    where PP_IMPORT_TEMPLATE.IMPORT_TYPE_ID = 55
      and PP_IMPORT_TEMPLATE.DESCRIPTION = 'CPR Class Code Minimum Required';

insert into PP_IMPORT_TEMPLATE_FIELDS
   (IMPORT_TEMPLATE_ID, FIELD_ID, IMPORT_TYPE_ID, COLUMN_NAME, IMPORT_LOOKUP_ID, TIME_STAMP,
    USER_ID)
   select PP_IMPORT_TEMPLATE.IMPORT_TEMPLATE_ID, 4, 55, 'class_code_value', null, sysdate, user
     from PP_IMPORT_TEMPLATE
    where PP_IMPORT_TEMPLATE.IMPORT_TYPE_ID = 55
      and PP_IMPORT_TEMPLATE.DESCRIPTION = 'CPR Class Code Minimum Required';

--**************************
-- Log the run of the script
--**************************

insert into PP_SCHEMA_CHANGE_LOG
   (ID, SKIPPED, MAJOR_VERSION, MINOR_VERSION, POINT_VERSION, PATCH_VERSION, MAINT_NUM, SCRIPT_PATH,
    SCRIPT_NAME, SCRIPT_REVISION, DATE_APPLIED, OS_USER, TERMINAL, SERVICE_NAME)
values
   (264, 0, 10, 4, 0, 0, 11085, 'C:\PlasticWks\powerplant\sql\maint_scripts', '10.4.0.0_maint_011085_03_import_config.sql', 1,
    SYSTIMESTAMP, SYS_CONTEXT('USERENV', 'OS_USER'), SYS_CONTEXT('USERENV', 'TERMINAL'),
    SYS_CONTEXT('USERENV', 'SERVICE_NAME'));
commit;

SET DEFINE ON