/*
||============================================================================
|| Application: PowerPlant
|| Object Name: maint_033713_reg_10_pp_import_inserts.sql
|| Description:
||============================================================================
|| Copyright (C) 2014 by PowerPlan Consultants, Inc. All Rights Reserved.
||============================================================================
|| Version  Date       Revised By     Reason for Change
|| -------- ---------- -------------- ----------------------------------------
|| 10.4.2.0 01/22/2014 Sarah Byers
||============================================================================
*/

insert into PP_IMPORT_TYPE
   (IMPORT_TYPE_ID, TIME_STAMP, USER_ID, DESCRIPTION, LONG_DESCRIPTION, IMPORT_TABLE_NAME,
    ARCHIVE_TABLE_NAME, PP_REPORT_FILTER_ID, ALLOW_UPDATES_ON_ADD, DELEGATE_OBJECT_NAME,
    ARCHIVE_ADDITIONAL_COLUMNS, AUTOCREATE_DESCRIPTION, AUTOCREATE_RESTRICT_SQL)
values
   (150, TO_DATE('22-01-2013 13:30:35', 'DD-MM-YYYY HH24:MI:SS'), 'PWRPLANT',
    'Jur Template - Allocation Factors', 'Import Jur Template Allocation Factors',
    'reg_import_allo_factor_stg', 'reg_import_allo_factor_stg_arc', null, 0, 'nvo_reg_logic_import',
    null, null, null);
insert into PP_IMPORT_TYPE
   (IMPORT_TYPE_ID, TIME_STAMP, USER_ID, DESCRIPTION, LONG_DESCRIPTION, IMPORT_TABLE_NAME,
    ARCHIVE_TABLE_NAME, PP_REPORT_FILTER_ID, ALLOW_UPDATES_ON_ADD, DELEGATE_OBJECT_NAME,
    ARCHIVE_ADDITIONAL_COLUMNS, AUTOCREATE_DESCRIPTION, AUTOCREATE_RESTRICT_SQL)
values
   (151, null, null, 'Case - Allocation Factors', 'Import Case Allocation Factors',
    'reg_import_allo_factor_stg', 'reg_import_allo_factor_stg_arc', null, 0, 'nvo_reg_logic_import',
    null, null, null);

insert into PP_IMPORT_TYPE
   (IMPORT_TYPE_ID, TIME_STAMP, USER_ID, DESCRIPTION, LONG_DESCRIPTION, IMPORT_TABLE_NAME,
    ARCHIVE_TABLE_NAME, PP_REPORT_FILTER_ID, ALLOW_UPDATES_ON_ADD, DELEGATE_OBJECT_NAME,
    ARCHIVE_ADDITIONAL_COLUMNS, AUTOCREATE_DESCRIPTION, AUTOCREATE_RESTRICT_SQL)
values
   (154, TO_DATE('20-11-2013 11:38:20', 'DD-MM-YYYY HH24:MI:SS'), 'PWRPLANT',
    'External Source Import Tool', 'Import External Source to External Source Stg Table',
    'reg_import_ext_stage_stg', 'reg_import_ext_stage_arc', null, 0, 'nvo_reg_logic_import', null,
    null, null);

insert into pp_import_subsystem (
	import_subsystem_id, description, long_description)
values (
	6, 'Regulatory', 'Regulatory');

insert into PP_IMPORT_TYPE_SUBSYSTEM
   (IMPORT_TYPE_ID, IMPORT_SUBSYSTEM_ID, TIME_STAMP, USER_ID)
values
   (150, 6, TO_DATE('22-01-2013 13:30:35', 'DD-MM-YYYY HH24:MI:SS'), 'PWRPLANT');
insert into PP_IMPORT_TYPE_SUBSYSTEM
   (IMPORT_TYPE_ID, IMPORT_SUBSYSTEM_ID, TIME_STAMP, USER_ID)
values
   (151, 6, null, null);
insert into PP_IMPORT_TYPE_SUBSYSTEM
   (IMPORT_TYPE_ID, IMPORT_SUBSYSTEM_ID, TIME_STAMP, USER_ID)
values
   (154, 6, TO_DATE('20-11-2013 13:19:03', 'DD-MM-YYYY HH24:MI:SS'), 'PWRPLANT');

insert into PP_IMPORT_COLUMN
   (IMPORT_TYPE_ID, COLUMN_NAME, TIME_STAMP, USER_ID, DESCRIPTION, IMPORT_COLUMN_NAME, IS_REQUIRED,
    PROCESSING_ORDER, COLUMN_TYPE, PARENT_TABLE, PARENT_TABLE_PK_COLUMN2, IS_ON_TABLE,
    AUTOCREATE_IMPORT_TYPE_ID, PARENT_TABLE_PK_COLUMN)
values
   (150, 'unit_of_measure', TO_DATE('25-01-2013 13:56:10', 'DD-MM-YYYY HH24:MI:SS'), 'PWRPLANT',
    'Unit of Measure', null, 0, 1, 'varchar2(35)', null, null, 1, null, null);
insert into PP_IMPORT_COLUMN
   (IMPORT_TYPE_ID, COLUMN_NAME, TIME_STAMP, USER_ID, DESCRIPTION, IMPORT_COLUMN_NAME, IS_REQUIRED,
    PROCESSING_ORDER, COLUMN_TYPE, PARENT_TABLE, PARENT_TABLE_PK_COLUMN2, IS_ON_TABLE,
    AUTOCREATE_IMPORT_TYPE_ID, PARENT_TABLE_PK_COLUMN)
values
   (150, 'reg_allocator_id', TO_DATE('20-11-2013 09:59:46', 'DD-MM-YYYY HH24:MI:SS'), 'PWRPLANT',
    'Regulatory Allocator', 'reg_allocator_id_xlate', 1, 1, 'number(22,0)', 'reg_allocator', null, 1,
    null, null);
insert into PP_IMPORT_COLUMN
   (IMPORT_TYPE_ID, COLUMN_NAME, TIME_STAMP, USER_ID, DESCRIPTION, IMPORT_COLUMN_NAME, IS_REQUIRED,
    PROCESSING_ORDER, COLUMN_TYPE, PARENT_TABLE, PARENT_TABLE_PK_COLUMN2, IS_ON_TABLE,
    AUTOCREATE_IMPORT_TYPE_ID, PARENT_TABLE_PK_COLUMN)
values
   (150, 'effective_date', TO_DATE('20-11-2013 09:59:46', 'DD-MM-YYYY HH24:MI:SS'), 'PWRPLANT',
    'Effective Date', null, 1, 1, 'number(22,0)', null, null, 1, null, null);
insert into PP_IMPORT_COLUMN
   (IMPORT_TYPE_ID, COLUMN_NAME, TIME_STAMP, USER_ID, DESCRIPTION, IMPORT_COLUMN_NAME, IS_REQUIRED,
    PROCESSING_ORDER, COLUMN_TYPE, PARENT_TABLE, PARENT_TABLE_PK_COLUMN2, IS_ON_TABLE,
    AUTOCREATE_IMPORT_TYPE_ID, PARENT_TABLE_PK_COLUMN)
values
   (150, 'reg_alloc_target_id', TO_DATE('20-11-2013 09:59:46', 'DD-MM-YYYY HH24:MI:SS'), 'PWRPLANT',
    'Regulatory Allocator Target', 'reg_alloc_target_id_xlate', 1, 1, 'number(22,0)',
    'reg_alloc_target', null, 1, null, null);
insert into PP_IMPORT_COLUMN
   (IMPORT_TYPE_ID, COLUMN_NAME, TIME_STAMP, USER_ID, DESCRIPTION, IMPORT_COLUMN_NAME, IS_REQUIRED,
    PROCESSING_ORDER, COLUMN_TYPE, PARENT_TABLE, PARENT_TABLE_PK_COLUMN2, IS_ON_TABLE,
    AUTOCREATE_IMPORT_TYPE_ID, PARENT_TABLE_PK_COLUMN)
values
   (150, 'base_year_end', TO_DATE('20-11-2013 10:37:59', 'DD-MM-YYYY HH24:MI:SS'), 'PWRPLANT',
    'Base Year End', null, 0, 1, 'number(22,0)', null, null, 1, null, null);
insert into PP_IMPORT_COLUMN
   (IMPORT_TYPE_ID, COLUMN_NAME, TIME_STAMP, USER_ID, DESCRIPTION, IMPORT_COLUMN_NAME, IS_REQUIRED,
    PROCESSING_ORDER, COLUMN_TYPE, PARENT_TABLE, PARENT_TABLE_PK_COLUMN2, IS_ON_TABLE,
    AUTOCREATE_IMPORT_TYPE_ID, PARENT_TABLE_PK_COLUMN)
values
   (150, 'annual_reg_factor', TO_DATE('19-12-2013 10:45:50', 'DD-MM-YYYY HH24:MI:SS'), 'PWRPLANT',
    'Annual Regulatory Factor', null, 0, 1, 'number(22,16)', null, null, 1, null, null);
insert into PP_IMPORT_COLUMN
   (IMPORT_TYPE_ID, COLUMN_NAME, TIME_STAMP, USER_ID, DESCRIPTION, IMPORT_COLUMN_NAME, IS_REQUIRED,
    PROCESSING_ORDER, COLUMN_TYPE, PARENT_TABLE, PARENT_TABLE_PK_COLUMN2, IS_ON_TABLE,
    AUTOCREATE_IMPORT_TYPE_ID, PARENT_TABLE_PK_COLUMN)
values
   (150, 'statistical_value', TO_DATE('22-01-2013 13:37:43', 'DD-MM-YYYY HH24:MI:SS'), 'PWRPLANT',
    'Statistical Value', null, 0, 1, 'number(22,8)', null, null, 1, null, null);
insert into PP_IMPORT_COLUMN
   (IMPORT_TYPE_ID, COLUMN_NAME, TIME_STAMP, USER_ID, DESCRIPTION, IMPORT_COLUMN_NAME, IS_REQUIRED,
    PROCESSING_ORDER, COLUMN_TYPE, PARENT_TABLE, PARENT_TABLE_PK_COLUMN2, IS_ON_TABLE,
    AUTOCREATE_IMPORT_TYPE_ID, PARENT_TABLE_PK_COLUMN)
values
   (150, 'last_updated', TO_DATE('22-01-2013 13:37:43', 'DD-MM-YYYY HH24:MI:SS'), 'PWRPLANT',
    'Last Updated Date', null, 0, 1, 'date(7)', null, null, 1, null, null);
insert into PP_IMPORT_COLUMN
   (IMPORT_TYPE_ID, COLUMN_NAME, TIME_STAMP, USER_ID, DESCRIPTION, IMPORT_COLUMN_NAME, IS_REQUIRED,
    PROCESSING_ORDER, COLUMN_TYPE, PARENT_TABLE, PARENT_TABLE_PK_COLUMN2, IS_ON_TABLE,
    AUTOCREATE_IMPORT_TYPE_ID, PARENT_TABLE_PK_COLUMN)
values
   (150, 'last_updated_by', TO_DATE('22-01-2013 13:37:43', 'DD-MM-YYYY HH24:MI:SS'), 'PWRPLANT',
    'Last Updated By', null, 0, 1, 'varchar2(18)', null, null, 1, null, null);
insert into PP_IMPORT_COLUMN
   (IMPORT_TYPE_ID, COLUMN_NAME, TIME_STAMP, USER_ID, DESCRIPTION, IMPORT_COLUMN_NAME, IS_REQUIRED,
    PROCESSING_ORDER, COLUMN_TYPE, PARENT_TABLE, PARENT_TABLE_PK_COLUMN2, IS_ON_TABLE,
    AUTOCREATE_IMPORT_TYPE_ID, PARENT_TABLE_PK_COLUMN)
values
   (150, 'reg_jurisdiction_id', null, null, 'Regulatory Jurisdiction', 'reg_jurisdiction_id_xlate',
    1, 1, 'number(22,0)', 'reg_jurisdiction', null, 1, null, null);
insert into PP_IMPORT_COLUMN
   (IMPORT_TYPE_ID, COLUMN_NAME, TIME_STAMP, USER_ID, DESCRIPTION, IMPORT_COLUMN_NAME, IS_REQUIRED,
    PROCESSING_ORDER, COLUMN_TYPE, PARENT_TABLE, PARENT_TABLE_PK_COLUMN2, IS_ON_TABLE,
    AUTOCREATE_IMPORT_TYPE_ID, PARENT_TABLE_PK_COLUMN)
values
   (150, 'reg_alloc_category_id', TO_DATE('20-11-2013 09:59:46', 'DD-MM-YYYY HH24:MI:SS'),
    'PWRPLANT', 'Regulatory Allocation Category', 'reg_alloc_category_id_xlate', 1, 1,
    'number(22,0)', 'reg_alloc_category', null, 1, null, null);
insert into PP_IMPORT_COLUMN
   (IMPORT_TYPE_ID, COLUMN_NAME, TIME_STAMP, USER_ID, DESCRIPTION, IMPORT_COLUMN_NAME, IS_REQUIRED,
    PROCESSING_ORDER, COLUMN_TYPE, PARENT_TABLE, PARENT_TABLE_PK_COLUMN2, IS_ON_TABLE,
    AUTOCREATE_IMPORT_TYPE_ID, PARENT_TABLE_PK_COLUMN)
values
   (151, 'annual_reg_factor', TO_DATE('19-12-2013 10:45:50', 'DD-MM-YYYY HH24:MI:SS'), 'PWRPLANT',
    'Annual Regulatory Factor', null, 0, 1, 'number(22,16)', null, null, 1, null, null);
insert into PP_IMPORT_COLUMN
   (IMPORT_TYPE_ID, COLUMN_NAME, TIME_STAMP, USER_ID, DESCRIPTION, IMPORT_COLUMN_NAME, IS_REQUIRED,
    PROCESSING_ORDER, COLUMN_TYPE, PARENT_TABLE, PARENT_TABLE_PK_COLUMN2, IS_ON_TABLE,
    AUTOCREATE_IMPORT_TYPE_ID, PARENT_TABLE_PK_COLUMN)
values
   (151, 'base_year_end', TO_DATE('20-11-2013 10:38:40', 'DD-MM-YYYY HH24:MI:SS'), 'PWRPLANT',
    'Base Year End', null, 0, 1, 'number(22,0)', null, null, 1, null, null);
insert into PP_IMPORT_COLUMN
   (IMPORT_TYPE_ID, COLUMN_NAME, TIME_STAMP, USER_ID, DESCRIPTION, IMPORT_COLUMN_NAME, IS_REQUIRED,
    PROCESSING_ORDER, COLUMN_TYPE, PARENT_TABLE, PARENT_TABLE_PK_COLUMN2, IS_ON_TABLE,
    AUTOCREATE_IMPORT_TYPE_ID, PARENT_TABLE_PK_COLUMN)
values
   (151, 'effective_date', TO_DATE('20-11-2013 09:59:46', 'DD-MM-YYYY HH24:MI:SS'), 'PWRPLANT',
    'Effective Date', null, 1, 1, 'number(22,0)', null, null, 1, null, null);
insert into PP_IMPORT_COLUMN
   (IMPORT_TYPE_ID, COLUMN_NAME, TIME_STAMP, USER_ID, DESCRIPTION, IMPORT_COLUMN_NAME, IS_REQUIRED,
    PROCESSING_ORDER, COLUMN_TYPE, PARENT_TABLE, PARENT_TABLE_PK_COLUMN2, IS_ON_TABLE,
    AUTOCREATE_IMPORT_TYPE_ID, PARENT_TABLE_PK_COLUMN)
values
   (151, 'last_updated', null, null, 'Last Updated Date', null, 0, 1, 'date(7)', null, null, 1,
    null, null);
insert into PP_IMPORT_COLUMN
   (IMPORT_TYPE_ID, COLUMN_NAME, TIME_STAMP, USER_ID, DESCRIPTION, IMPORT_COLUMN_NAME, IS_REQUIRED,
    PROCESSING_ORDER, COLUMN_TYPE, PARENT_TABLE, PARENT_TABLE_PK_COLUMN2, IS_ON_TABLE,
    AUTOCREATE_IMPORT_TYPE_ID, PARENT_TABLE_PK_COLUMN)
values
   (151, 'last_updated_by', null, null, 'Last Updated By', null, 0, 1, 'varchar2(18)', null, null,
    1, null, null);
insert into PP_IMPORT_COLUMN
   (IMPORT_TYPE_ID, COLUMN_NAME, TIME_STAMP, USER_ID, DESCRIPTION, IMPORT_COLUMN_NAME, IS_REQUIRED,
    PROCESSING_ORDER, COLUMN_TYPE, PARENT_TABLE, PARENT_TABLE_PK_COLUMN2, IS_ON_TABLE,
    AUTOCREATE_IMPORT_TYPE_ID, PARENT_TABLE_PK_COLUMN)
values
   (151, 'reg_alloc_category_id', TO_DATE('20-11-2013 09:59:46', 'DD-MM-YYYY HH24:MI:SS'),
    'PWRPLANT', 'Regulatory Allocation Category', 'reg_alloc_category_id_xlate', 1, 1,
    'number(22,0)', 'reg_alloc_category', null, 1, null, null);
insert into PP_IMPORT_COLUMN
   (IMPORT_TYPE_ID, COLUMN_NAME, TIME_STAMP, USER_ID, DESCRIPTION, IMPORT_COLUMN_NAME, IS_REQUIRED,
    PROCESSING_ORDER, COLUMN_TYPE, PARENT_TABLE, PARENT_TABLE_PK_COLUMN2, IS_ON_TABLE,
    AUTOCREATE_IMPORT_TYPE_ID, PARENT_TABLE_PK_COLUMN)
values
   (151, 'reg_alloc_target_id', TO_DATE('20-11-2013 09:59:44', 'DD-MM-YYYY HH24:MI:SS'), 'PWRPLANT',
    'Regulatory Allocator Target', 'reg_alloc_target_id_xlate', 1, 1, 'number(22,0)',
    'reg_alloc_target', null, 1, null, null);
insert into PP_IMPORT_COLUMN
   (IMPORT_TYPE_ID, COLUMN_NAME, TIME_STAMP, USER_ID, DESCRIPTION, IMPORT_COLUMN_NAME, IS_REQUIRED,
    PROCESSING_ORDER, COLUMN_TYPE, PARENT_TABLE, PARENT_TABLE_PK_COLUMN2, IS_ON_TABLE,
    AUTOCREATE_IMPORT_TYPE_ID, PARENT_TABLE_PK_COLUMN)
values
   (151, 'reg_allocator_id', TO_DATE('20-11-2013 09:59:46', 'DD-MM-YYYY HH24:MI:SS'), 'PWRPLANT',
    'Regulatory Allocator', 'reg_allocator_id_xlate', 1, 1, 'number(22,0)', 'reg_allocator', null, 1,
    null, null);
insert into PP_IMPORT_COLUMN
   (IMPORT_TYPE_ID, COLUMN_NAME, TIME_STAMP, USER_ID, DESCRIPTION, IMPORT_COLUMN_NAME, IS_REQUIRED,
    PROCESSING_ORDER, COLUMN_TYPE, PARENT_TABLE, PARENT_TABLE_PK_COLUMN2, IS_ON_TABLE,
    AUTOCREATE_IMPORT_TYPE_ID, PARENT_TABLE_PK_COLUMN)
values
   (151, 'reg_jurisdiction_id', TO_DATE('20-11-2013 10:38:40', 'DD-MM-YYYY HH24:MI:SS'), 'PWRPLANT',
    'Regulatory Jurisdiction', 'reg_jurisdiction_id_xlate', 0, 1, 'number(22,0)', 'reg_jurisdiction',
    null, 1, null, null);
insert into PP_IMPORT_COLUMN
   (IMPORT_TYPE_ID, COLUMN_NAME, TIME_STAMP, USER_ID, DESCRIPTION, IMPORT_COLUMN_NAME, IS_REQUIRED,
    PROCESSING_ORDER, COLUMN_TYPE, PARENT_TABLE, PARENT_TABLE_PK_COLUMN2, IS_ON_TABLE,
    AUTOCREATE_IMPORT_TYPE_ID, PARENT_TABLE_PK_COLUMN)
values
   (151, 'statistical_value', null, null, 'Statistical Value', null, 0, 1, 'number(22,8)', null,
    null, 1, null, null);
insert into PP_IMPORT_COLUMN
   (IMPORT_TYPE_ID, COLUMN_NAME, TIME_STAMP, USER_ID, DESCRIPTION, IMPORT_COLUMN_NAME, IS_REQUIRED,
    PROCESSING_ORDER, COLUMN_TYPE, PARENT_TABLE, PARENT_TABLE_PK_COLUMN2, IS_ON_TABLE,
    AUTOCREATE_IMPORT_TYPE_ID, PARENT_TABLE_PK_COLUMN)
values
   (151, 'unit_of_measure', null, null, 'Unit of Measure', null, 0, 1, 'varchar2(35)', null, null,
    1, null, null);
insert into PP_IMPORT_COLUMN
   (IMPORT_TYPE_ID, COLUMN_NAME, TIME_STAMP, USER_ID, DESCRIPTION, IMPORT_COLUMN_NAME, IS_REQUIRED,
    PROCESSING_ORDER, COLUMN_TYPE, PARENT_TABLE, PARENT_TABLE_PK_COLUMN2, IS_ON_TABLE,
    AUTOCREATE_IMPORT_TYPE_ID, PARENT_TABLE_PK_COLUMN)
values
   (151, 'reg_jur_template_id', TO_DATE('20-11-2013 10:38:40', 'DD-MM-YYYY HH24:MI:SS'), 'PWRPLANT',
    'Reg Jur Template Id', 'reg_jur_template_id_xlate', 0, 1, 'number(22,0)', 'reg_jur_template',
    null, 1, null, null);
insert into PP_IMPORT_COLUMN
   (IMPORT_TYPE_ID, COLUMN_NAME, TIME_STAMP, USER_ID, DESCRIPTION, IMPORT_COLUMN_NAME, IS_REQUIRED,
    PROCESSING_ORDER, COLUMN_TYPE, PARENT_TABLE, PARENT_TABLE_PK_COLUMN2, IS_ON_TABLE,
    AUTOCREATE_IMPORT_TYPE_ID, PARENT_TABLE_PK_COLUMN)
values
   (151, 'reg_case_id', TO_DATE('20-11-2013 09:59:44', 'DD-MM-YYYY HH24:MI:SS'), 'PWRPLANT',
    'Reg Case Id', 'reg_case_id_xlate', 1, 1, 'number(22,0)', 'reg_case', null, 1, null, null);
insert into PP_IMPORT_COLUMN
   (IMPORT_TYPE_ID, COLUMN_NAME, TIME_STAMP, USER_ID, DESCRIPTION, IMPORT_COLUMN_NAME, IS_REQUIRED,
    PROCESSING_ORDER, COLUMN_TYPE, PARENT_TABLE, PARENT_TABLE_PK_COLUMN2, IS_ON_TABLE,
    AUTOCREATE_IMPORT_TYPE_ID, PARENT_TABLE_PK_COLUMN)
values
   (150, 'reg_jur_template_id', TO_DATE('20-11-2013 10:26:38', 'DD-MM-YYYY HH24:MI:SS'), 'PWRPLANT',
    'Reg Jur Template Id', 'reg_jur_template_id_xlate', 1, 1, 'number(22,0)', 'reg_jur_template',
    null, 1, null, null);
insert into PP_IMPORT_COLUMN
   (IMPORT_TYPE_ID, COLUMN_NAME, TIME_STAMP, USER_ID, DESCRIPTION, IMPORT_COLUMN_NAME, IS_REQUIRED,
    PROCESSING_ORDER, COLUMN_TYPE, PARENT_TABLE, PARENT_TABLE_PK_COLUMN2, IS_ON_TABLE,
    AUTOCREATE_IMPORT_TYPE_ID, PARENT_TABLE_PK_COLUMN)
values
   (150, 'reg_case_id', TO_DATE('20-11-2013 10:37:59', 'DD-MM-YYYY HH24:MI:SS'), 'PWRPLANT',
    'Reg Case Id', 'reg_case_id_xlate', 0, 1, 'number(22,0)', 'reg_case', null, 1, null, null);
insert into PP_IMPORT_COLUMN
   (IMPORT_TYPE_ID, COLUMN_NAME, TIME_STAMP, USER_ID, DESCRIPTION, IMPORT_COLUMN_NAME, IS_REQUIRED,
    PROCESSING_ORDER, COLUMN_TYPE, PARENT_TABLE, PARENT_TABLE_PK_COLUMN2, IS_ON_TABLE,
    AUTOCREATE_IMPORT_TYPE_ID, PARENT_TABLE_PK_COLUMN)
values
   (154, 'ext_source_id', TO_DATE('26-11-2013 10:32:23', 'DD-MM-YYYY HH24:MI:SS'), 'PWRPLANT',
    'External Source Id', 'ext_source_id_xlate', 1, 1, 'number(22,0)', 'reg_ext_source', null, 0,
    null, null);
insert into PP_IMPORT_COLUMN
   (IMPORT_TYPE_ID, COLUMN_NAME, TIME_STAMP, USER_ID, DESCRIPTION, IMPORT_COLUMN_NAME, IS_REQUIRED,
    PROCESSING_ORDER, COLUMN_TYPE, PARENT_TABLE, PARENT_TABLE_PK_COLUMN2, IS_ON_TABLE,
    AUTOCREATE_IMPORT_TYPE_ID, PARENT_TABLE_PK_COLUMN)
values
   (154, 'company', TO_DATE('20-11-2013 13:41:49', 'DD-MM-YYYY HH24:MI:SS'), 'PWRPLANT', 'Company',
    null, 0, 1, 'varchar2(35)', null, null, 1, null, null);
insert into PP_IMPORT_COLUMN
   (IMPORT_TYPE_ID, COLUMN_NAME, TIME_STAMP, USER_ID, DESCRIPTION, IMPORT_COLUMN_NAME, IS_REQUIRED,
    PROCESSING_ORDER, COLUMN_TYPE, PARENT_TABLE, PARENT_TABLE_PK_COLUMN2, IS_ON_TABLE,
    AUTOCREATE_IMPORT_TYPE_ID, PARENT_TABLE_PK_COLUMN)
values
   (154, 'month_number', TO_DATE('20-11-2013 13:41:49', 'DD-MM-YYYY HH24:MI:SS'), 'PWRPLANT',
    'Month in Number Format', null, 0, 1, 'number(22, 0)', null, null, 1, null, null);
insert into PP_IMPORT_COLUMN
   (IMPORT_TYPE_ID, COLUMN_NAME, TIME_STAMP, USER_ID, DESCRIPTION, IMPORT_COLUMN_NAME, IS_REQUIRED,
    PROCESSING_ORDER, COLUMN_TYPE, PARENT_TABLE, PARENT_TABLE_PK_COLUMN2, IS_ON_TABLE,
    AUTOCREATE_IMPORT_TYPE_ID, PARENT_TABLE_PK_COLUMN)
values
   (154, 'month_date', TO_DATE('20-11-2013 13:41:49', 'DD-MM-YYYY HH24:MI:SS'), 'PWRPLANT',
    'Month in Date Format', null, 0, 1, 'date', null, null, 1, null, null);
insert into PP_IMPORT_COLUMN
   (IMPORT_TYPE_ID, COLUMN_NAME, TIME_STAMP, USER_ID, DESCRIPTION, IMPORT_COLUMN_NAME, IS_REQUIRED,
    PROCESSING_ORDER, COLUMN_TYPE, PARENT_TABLE, PARENT_TABLE_PK_COLUMN2, IS_ON_TABLE,
    AUTOCREATE_IMPORT_TYPE_ID, PARENT_TABLE_PK_COLUMN)
values
   (154, 'month_char', TO_DATE('20-11-2013 16:21:10', 'DD-MM-YYYY HH24:MI:SS'), 'PWRPLANT',
    'Month in varchar Format', null, 0, 1, 'varchar(254)', null, null, 1, null, null);
insert into PP_IMPORT_COLUMN
   (IMPORT_TYPE_ID, COLUMN_NAME, TIME_STAMP, USER_ID, DESCRIPTION, IMPORT_COLUMN_NAME, IS_REQUIRED,
    PROCESSING_ORDER, COLUMN_TYPE, PARENT_TABLE, PARENT_TABLE_PK_COLUMN2, IS_ON_TABLE,
    AUTOCREATE_IMPORT_TYPE_ID, PARENT_TABLE_PK_COLUMN)
values
   (154, 'amount', TO_DATE('20-11-2013 13:41:49', 'DD-MM-YYYY HH24:MI:SS'), 'PWRPLANT', 'Amount',
    null, 0, 1, 'number(22,2)', null, null, 1, null, null);
insert into PP_IMPORT_COLUMN
   (IMPORT_TYPE_ID, COLUMN_NAME, TIME_STAMP, USER_ID, DESCRIPTION, IMPORT_COLUMN_NAME, IS_REQUIRED,
    PROCESSING_ORDER, COLUMN_TYPE, PARENT_TABLE, PARENT_TABLE_PK_COLUMN2, IS_ON_TABLE,
    AUTOCREATE_IMPORT_TYPE_ID, PARENT_TABLE_PK_COLUMN)
values
   (154, 'ext_01', TO_DATE('20-11-2013 16:21:10', 'DD-MM-YYYY HH24:MI:SS'), 'PWRPLANT', 'ext_01',
    null, 0, 1, 'varchar(254)', null, null, 1, null, null);
insert into PP_IMPORT_COLUMN
   (IMPORT_TYPE_ID, COLUMN_NAME, TIME_STAMP, USER_ID, DESCRIPTION, IMPORT_COLUMN_NAME, IS_REQUIRED,
    PROCESSING_ORDER, COLUMN_TYPE, PARENT_TABLE, PARENT_TABLE_PK_COLUMN2, IS_ON_TABLE,
    AUTOCREATE_IMPORT_TYPE_ID, PARENT_TABLE_PK_COLUMN)
values
   (154, 'ext_02', TO_DATE('20-11-2013 16:21:10', 'DD-MM-YYYY HH24:MI:SS'), 'PWRPLANT', 'ext_02',
    null, 0, 1, 'varchar(254)', null, null, 1, null, null);
insert into PP_IMPORT_COLUMN
   (IMPORT_TYPE_ID, COLUMN_NAME, TIME_STAMP, USER_ID, DESCRIPTION, IMPORT_COLUMN_NAME, IS_REQUIRED,
    PROCESSING_ORDER, COLUMN_TYPE, PARENT_TABLE, PARENT_TABLE_PK_COLUMN2, IS_ON_TABLE,
    AUTOCREATE_IMPORT_TYPE_ID, PARENT_TABLE_PK_COLUMN)
values
   (154, 'ext_03', TO_DATE('20-11-2013 16:21:10', 'DD-MM-YYYY HH24:MI:SS'), 'PWRPLANT', 'ext_03',
    null, 0, 1, 'varchar(254)', null, null, 1, null, null);
insert into PP_IMPORT_COLUMN
   (IMPORT_TYPE_ID, COLUMN_NAME, TIME_STAMP, USER_ID, DESCRIPTION, IMPORT_COLUMN_NAME, IS_REQUIRED,
    PROCESSING_ORDER, COLUMN_TYPE, PARENT_TABLE, PARENT_TABLE_PK_COLUMN2, IS_ON_TABLE,
    AUTOCREATE_IMPORT_TYPE_ID, PARENT_TABLE_PK_COLUMN)
values
   (154, 'ext_04', TO_DATE('20-11-2013 16:21:10', 'DD-MM-YYYY HH24:MI:SS'), 'PWRPLANT', 'ext_04',
    null, 0, 1, 'varchar(254)', null, null, 1, null, null);
insert into PP_IMPORT_COLUMN
   (IMPORT_TYPE_ID, COLUMN_NAME, TIME_STAMP, USER_ID, DESCRIPTION, IMPORT_COLUMN_NAME, IS_REQUIRED,
    PROCESSING_ORDER, COLUMN_TYPE, PARENT_TABLE, PARENT_TABLE_PK_COLUMN2, IS_ON_TABLE,
    AUTOCREATE_IMPORT_TYPE_ID, PARENT_TABLE_PK_COLUMN)
values
   (154, 'ext_05', TO_DATE('20-11-2013 16:21:10', 'DD-MM-YYYY HH24:MI:SS'), 'PWRPLANT', 'ext_05',
    null, 0, 1, 'varchar(254)', null, null, 1, null, null);
insert into PP_IMPORT_COLUMN
   (IMPORT_TYPE_ID, COLUMN_NAME, TIME_STAMP, USER_ID, DESCRIPTION, IMPORT_COLUMN_NAME, IS_REQUIRED,
    PROCESSING_ORDER, COLUMN_TYPE, PARENT_TABLE, PARENT_TABLE_PK_COLUMN2, IS_ON_TABLE,
    AUTOCREATE_IMPORT_TYPE_ID, PARENT_TABLE_PK_COLUMN)
values
   (154, 'ext_06', TO_DATE('20-11-2013 16:21:10', 'DD-MM-YYYY HH24:MI:SS'), 'PWRPLANT', 'ext_06',
    null, 0, 1, 'varchar(254)', null, null, 1, null, null);
insert into PP_IMPORT_COLUMN
   (IMPORT_TYPE_ID, COLUMN_NAME, TIME_STAMP, USER_ID, DESCRIPTION, IMPORT_COLUMN_NAME, IS_REQUIRED,
    PROCESSING_ORDER, COLUMN_TYPE, PARENT_TABLE, PARENT_TABLE_PK_COLUMN2, IS_ON_TABLE,
    AUTOCREATE_IMPORT_TYPE_ID, PARENT_TABLE_PK_COLUMN)
values
   (154, 'ext_07', TO_DATE('20-11-2013 16:21:10', 'DD-MM-YYYY HH24:MI:SS'), 'PWRPLANT', 'ext_07',
    null, 0, 1, 'varchar(254)', null, null, 1, null, null);
insert into PP_IMPORT_COLUMN
   (IMPORT_TYPE_ID, COLUMN_NAME, TIME_STAMP, USER_ID, DESCRIPTION, IMPORT_COLUMN_NAME, IS_REQUIRED,
    PROCESSING_ORDER, COLUMN_TYPE, PARENT_TABLE, PARENT_TABLE_PK_COLUMN2, IS_ON_TABLE,
    AUTOCREATE_IMPORT_TYPE_ID, PARENT_TABLE_PK_COLUMN)
values
   (154, 'ext_08', TO_DATE('20-11-2013 16:21:10', 'DD-MM-YYYY HH24:MI:SS'), 'PWRPLANT', 'ext_08',
    null, 0, 1, 'varchar(254)', null, null, 1, null, null);
insert into PP_IMPORT_COLUMN
   (IMPORT_TYPE_ID, COLUMN_NAME, TIME_STAMP, USER_ID, DESCRIPTION, IMPORT_COLUMN_NAME, IS_REQUIRED,
    PROCESSING_ORDER, COLUMN_TYPE, PARENT_TABLE, PARENT_TABLE_PK_COLUMN2, IS_ON_TABLE,
    AUTOCREATE_IMPORT_TYPE_ID, PARENT_TABLE_PK_COLUMN)
values
   (154, 'ext_09', TO_DATE('20-11-2013 16:21:10', 'DD-MM-YYYY HH24:MI:SS'), 'PWRPLANT', 'ext_09',
    null, 0, 1, 'varchar(254)', null, null, 1, null, null);
insert into PP_IMPORT_COLUMN
   (IMPORT_TYPE_ID, COLUMN_NAME, TIME_STAMP, USER_ID, DESCRIPTION, IMPORT_COLUMN_NAME, IS_REQUIRED,
    PROCESSING_ORDER, COLUMN_TYPE, PARENT_TABLE, PARENT_TABLE_PK_COLUMN2, IS_ON_TABLE,
    AUTOCREATE_IMPORT_TYPE_ID, PARENT_TABLE_PK_COLUMN)
values
   (154, 'ext_10', TO_DATE('20-11-2013 16:21:10', 'DD-MM-YYYY HH24:MI:SS'), 'PWRPLANT', 'ext_10',
    null, 0, 1, 'varchar(254)', null, null, 1, null, null);
insert into PP_IMPORT_COLUMN
   (IMPORT_TYPE_ID, COLUMN_NAME, TIME_STAMP, USER_ID, DESCRIPTION, IMPORT_COLUMN_NAME, IS_REQUIRED,
    PROCESSING_ORDER, COLUMN_TYPE, PARENT_TABLE, PARENT_TABLE_PK_COLUMN2, IS_ON_TABLE,
    AUTOCREATE_IMPORT_TYPE_ID, PARENT_TABLE_PK_COLUMN)
values
   (154, 'ext_11', TO_DATE('20-11-2013 16:21:10', 'DD-MM-YYYY HH24:MI:SS'), 'PWRPLANT', 'ext_11',
    null, 0, 1, 'varchar(254)', null, null, 1, null, null);
insert into PP_IMPORT_COLUMN
   (IMPORT_TYPE_ID, COLUMN_NAME, TIME_STAMP, USER_ID, DESCRIPTION, IMPORT_COLUMN_NAME, IS_REQUIRED,
    PROCESSING_ORDER, COLUMN_TYPE, PARENT_TABLE, PARENT_TABLE_PK_COLUMN2, IS_ON_TABLE,
    AUTOCREATE_IMPORT_TYPE_ID, PARENT_TABLE_PK_COLUMN)
values
   (154, 'ext_12', TO_DATE('20-11-2013 16:21:10', 'DD-MM-YYYY HH24:MI:SS'), 'PWRPLANT', 'ext_12',
    null, 0, 1, 'varchar(254)', null, null, 1, null, null);
insert into PP_IMPORT_COLUMN
   (IMPORT_TYPE_ID, COLUMN_NAME, TIME_STAMP, USER_ID, DESCRIPTION, IMPORT_COLUMN_NAME, IS_REQUIRED,
    PROCESSING_ORDER, COLUMN_TYPE, PARENT_TABLE, PARENT_TABLE_PK_COLUMN2, IS_ON_TABLE,
    AUTOCREATE_IMPORT_TYPE_ID, PARENT_TABLE_PK_COLUMN)
values
   (154, 'ext_13', TO_DATE('20-11-2013 16:21:10', 'DD-MM-YYYY HH24:MI:SS'), 'PWRPLANT', 'ext_13',
    null, 0, 1, 'varchar(254)', null, null, 1, null, null);
insert into PP_IMPORT_COLUMN
   (IMPORT_TYPE_ID, COLUMN_NAME, TIME_STAMP, USER_ID, DESCRIPTION, IMPORT_COLUMN_NAME, IS_REQUIRED,
    PROCESSING_ORDER, COLUMN_TYPE, PARENT_TABLE, PARENT_TABLE_PK_COLUMN2, IS_ON_TABLE,
    AUTOCREATE_IMPORT_TYPE_ID, PARENT_TABLE_PK_COLUMN)
values
   (154, 'ext_14', TO_DATE('20-11-2013 16:21:10', 'DD-MM-YYYY HH24:MI:SS'), 'PWRPLANT', 'ext_14',
    null, 0, 1, 'varchar(254)', null, null, 1, null, null);
insert into PP_IMPORT_COLUMN
   (IMPORT_TYPE_ID, COLUMN_NAME, TIME_STAMP, USER_ID, DESCRIPTION, IMPORT_COLUMN_NAME, IS_REQUIRED,
    PROCESSING_ORDER, COLUMN_TYPE, PARENT_TABLE, PARENT_TABLE_PK_COLUMN2, IS_ON_TABLE,
    AUTOCREATE_IMPORT_TYPE_ID, PARENT_TABLE_PK_COLUMN)
values
   (154, 'ext_15', TO_DATE('20-11-2013 16:21:10', 'DD-MM-YYYY HH24:MI:SS'), 'PWRPLANT', 'ext_15',
    null, 0, 1, 'varchar(254)', null, null, 1, null, null);
insert into PP_IMPORT_COLUMN
   (IMPORT_TYPE_ID, COLUMN_NAME, TIME_STAMP, USER_ID, DESCRIPTION, IMPORT_COLUMN_NAME, IS_REQUIRED,
    PROCESSING_ORDER, COLUMN_TYPE, PARENT_TABLE, PARENT_TABLE_PK_COLUMN2, IS_ON_TABLE,
    AUTOCREATE_IMPORT_TYPE_ID, PARENT_TABLE_PK_COLUMN)
values
   (154, 'ext_16', TO_DATE('20-11-2013 16:21:10', 'DD-MM-YYYY HH24:MI:SS'), 'PWRPLANT', 'ext_16',
    null, 0, 1, 'varchar(254)', null, null, 1, null, null);
insert into PP_IMPORT_COLUMN
   (IMPORT_TYPE_ID, COLUMN_NAME, TIME_STAMP, USER_ID, DESCRIPTION, IMPORT_COLUMN_NAME, IS_REQUIRED,
    PROCESSING_ORDER, COLUMN_TYPE, PARENT_TABLE, PARENT_TABLE_PK_COLUMN2, IS_ON_TABLE,
    AUTOCREATE_IMPORT_TYPE_ID, PARENT_TABLE_PK_COLUMN)
values
   (154, 'ext_17', TO_DATE('20-11-2013 16:21:10', 'DD-MM-YYYY HH24:MI:SS'), 'PWRPLANT', 'ext_17',
    null, 0, 1, 'varchar(254)', null, null, 1, null, null);
insert into PP_IMPORT_COLUMN
   (IMPORT_TYPE_ID, COLUMN_NAME, TIME_STAMP, USER_ID, DESCRIPTION, IMPORT_COLUMN_NAME, IS_REQUIRED,
    PROCESSING_ORDER, COLUMN_TYPE, PARENT_TABLE, PARENT_TABLE_PK_COLUMN2, IS_ON_TABLE,
    AUTOCREATE_IMPORT_TYPE_ID, PARENT_TABLE_PK_COLUMN)
values
   (154, 'ext_18', TO_DATE('20-11-2013 16:21:10', 'DD-MM-YYYY HH24:MI:SS'), 'PWRPLANT', 'ext_18',
    null, 0, 1, 'varchar(254)', null, null, 1, null, null);
insert into PP_IMPORT_COLUMN
   (IMPORT_TYPE_ID, COLUMN_NAME, TIME_STAMP, USER_ID, DESCRIPTION, IMPORT_COLUMN_NAME, IS_REQUIRED,
    PROCESSING_ORDER, COLUMN_TYPE, PARENT_TABLE, PARENT_TABLE_PK_COLUMN2, IS_ON_TABLE,
    AUTOCREATE_IMPORT_TYPE_ID, PARENT_TABLE_PK_COLUMN)
values
   (154, 'ext_19', TO_DATE('20-11-2013 16:21:10', 'DD-MM-YYYY HH24:MI:SS'), 'PWRPLANT', 'ext_19',
    null, 0, 1, 'varchar(254)', null, null, 1, null, null);
insert into PP_IMPORT_COLUMN
   (IMPORT_TYPE_ID, COLUMN_NAME, TIME_STAMP, USER_ID, DESCRIPTION, IMPORT_COLUMN_NAME, IS_REQUIRED,
    PROCESSING_ORDER, COLUMN_TYPE, PARENT_TABLE, PARENT_TABLE_PK_COLUMN2, IS_ON_TABLE,
    AUTOCREATE_IMPORT_TYPE_ID, PARENT_TABLE_PK_COLUMN)
values
   (154, 'ext_20', TO_DATE('20-11-2013 16:21:10', 'DD-MM-YYYY HH24:MI:SS'), 'PWRPLANT', 'ext_20',
    null, 0, 1, 'varchar(254)', null, null, 1, null, null);
insert into PP_IMPORT_COLUMN
   (IMPORT_TYPE_ID, COLUMN_NAME, TIME_STAMP, USER_ID, DESCRIPTION, IMPORT_COLUMN_NAME, IS_REQUIRED,
    PROCESSING_ORDER, COLUMN_TYPE, PARENT_TABLE, PARENT_TABLE_PK_COLUMN2, IS_ON_TABLE,
    AUTOCREATE_IMPORT_TYPE_ID, PARENT_TABLE_PK_COLUMN)
values
   (154, 'ext_21', TO_DATE('20-11-2013 16:21:10', 'DD-MM-YYYY HH24:MI:SS'), 'PWRPLANT', 'ext_21',
    null, 0, 1, 'varchar(254)', null, null, 1, null, null);
insert into PP_IMPORT_COLUMN
   (IMPORT_TYPE_ID, COLUMN_NAME, TIME_STAMP, USER_ID, DESCRIPTION, IMPORT_COLUMN_NAME, IS_REQUIRED,
    PROCESSING_ORDER, COLUMN_TYPE, PARENT_TABLE, PARENT_TABLE_PK_COLUMN2, IS_ON_TABLE,
    AUTOCREATE_IMPORT_TYPE_ID, PARENT_TABLE_PK_COLUMN)
values
   (154, 'ext_22', TO_DATE('20-11-2013 16:21:10', 'DD-MM-YYYY HH24:MI:SS'), 'PWRPLANT', 'ext_22',
    null, 0, 1, 'varchar(254)', null, null, 1, null, null);
insert into PP_IMPORT_COLUMN
   (IMPORT_TYPE_ID, COLUMN_NAME, TIME_STAMP, USER_ID, DESCRIPTION, IMPORT_COLUMN_NAME, IS_REQUIRED,
    PROCESSING_ORDER, COLUMN_TYPE, PARENT_TABLE, PARENT_TABLE_PK_COLUMN2, IS_ON_TABLE,
    AUTOCREATE_IMPORT_TYPE_ID, PARENT_TABLE_PK_COLUMN)
values
   (154, 'ext_23', TO_DATE('20-11-2013 16:21:10', 'DD-MM-YYYY HH24:MI:SS'), 'PWRPLANT', 'ext_23',
    null, 0, 1, 'varchar(254)', null, null, 1, null, null);
insert into PP_IMPORT_COLUMN
   (IMPORT_TYPE_ID, COLUMN_NAME, TIME_STAMP, USER_ID, DESCRIPTION, IMPORT_COLUMN_NAME, IS_REQUIRED,
    PROCESSING_ORDER, COLUMN_TYPE, PARENT_TABLE, PARENT_TABLE_PK_COLUMN2, IS_ON_TABLE,
    AUTOCREATE_IMPORT_TYPE_ID, PARENT_TABLE_PK_COLUMN)
values
   (154, 'ext_24', TO_DATE('20-11-2013 16:21:10', 'DD-MM-YYYY HH24:MI:SS'), 'PWRPLANT', 'ext_24',
    null, 0, 1, 'varchar(254)', null, null, 1, null, null);
insert into PP_IMPORT_COLUMN
   (IMPORT_TYPE_ID, COLUMN_NAME, TIME_STAMP, USER_ID, DESCRIPTION, IMPORT_COLUMN_NAME, IS_REQUIRED,
    PROCESSING_ORDER, COLUMN_TYPE, PARENT_TABLE, PARENT_TABLE_PK_COLUMN2, IS_ON_TABLE,
    AUTOCREATE_IMPORT_TYPE_ID, PARENT_TABLE_PK_COLUMN)
values
   (154, 'ext_25', TO_DATE('20-11-2013 16:21:10', 'DD-MM-YYYY HH24:MI:SS'), 'PWRPLANT', 'ext_25',
    null, 0, 1, 'varchar(254)', null, null, 1, null, null);
insert into PP_IMPORT_COLUMN
   (IMPORT_TYPE_ID, COLUMN_NAME, TIME_STAMP, USER_ID, DESCRIPTION, IMPORT_COLUMN_NAME, IS_REQUIRED,
    PROCESSING_ORDER, COLUMN_TYPE, PARENT_TABLE, PARENT_TABLE_PK_COLUMN2, IS_ON_TABLE,
    AUTOCREATE_IMPORT_TYPE_ID, PARENT_TABLE_PK_COLUMN)
values
   (154, 'ext_26', TO_DATE('20-11-2013 16:21:10', 'DD-MM-YYYY HH24:MI:SS'), 'PWRPLANT', 'ext_26',
    null, 0, 1, 'varchar(254)', null, null, 1, null, null);
insert into PP_IMPORT_COLUMN
   (IMPORT_TYPE_ID, COLUMN_NAME, TIME_STAMP, USER_ID, DESCRIPTION, IMPORT_COLUMN_NAME, IS_REQUIRED,
    PROCESSING_ORDER, COLUMN_TYPE, PARENT_TABLE, PARENT_TABLE_PK_COLUMN2, IS_ON_TABLE,
    AUTOCREATE_IMPORT_TYPE_ID, PARENT_TABLE_PK_COLUMN)
values
   (154, 'ext_27', TO_DATE('20-11-2013 16:21:10', 'DD-MM-YYYY HH24:MI:SS'), 'PWRPLANT', 'ext_27',
    null, 0, 1, 'varchar(254)', null, null, 1, null, null);
insert into PP_IMPORT_COLUMN
   (IMPORT_TYPE_ID, COLUMN_NAME, TIME_STAMP, USER_ID, DESCRIPTION, IMPORT_COLUMN_NAME, IS_REQUIRED,
    PROCESSING_ORDER, COLUMN_TYPE, PARENT_TABLE, PARENT_TABLE_PK_COLUMN2, IS_ON_TABLE,
    AUTOCREATE_IMPORT_TYPE_ID, PARENT_TABLE_PK_COLUMN)
values
   (154, 'ext_28', TO_DATE('20-11-2013 16:21:10', 'DD-MM-YYYY HH24:MI:SS'), 'PWRPLANT', 'ext_28',
    null, 0, 1, 'varchar(254)', null, null, 1, null, null);
insert into PP_IMPORT_COLUMN
   (IMPORT_TYPE_ID, COLUMN_NAME, TIME_STAMP, USER_ID, DESCRIPTION, IMPORT_COLUMN_NAME, IS_REQUIRED,
    PROCESSING_ORDER, COLUMN_TYPE, PARENT_TABLE, PARENT_TABLE_PK_COLUMN2, IS_ON_TABLE,
    AUTOCREATE_IMPORT_TYPE_ID, PARENT_TABLE_PK_COLUMN)
values
   (154, 'ext_29', TO_DATE('20-11-2013 16:21:10', 'DD-MM-YYYY HH24:MI:SS'), 'PWRPLANT', 'ext_29',
    null, 0, 1, 'varchar(254)', null, null, 1, null, null);
insert into PP_IMPORT_COLUMN
   (IMPORT_TYPE_ID, COLUMN_NAME, TIME_STAMP, USER_ID, DESCRIPTION, IMPORT_COLUMN_NAME, IS_REQUIRED,
    PROCESSING_ORDER, COLUMN_TYPE, PARENT_TABLE, PARENT_TABLE_PK_COLUMN2, IS_ON_TABLE,
    AUTOCREATE_IMPORT_TYPE_ID, PARENT_TABLE_PK_COLUMN)
values
   (154, 'ext_30', TO_DATE('20-11-2013 16:21:10', 'DD-MM-YYYY HH24:MI:SS'), 'PWRPLANT', 'ext_30',
    null, 0, 1, 'varchar(254)', null, null, 1, null, null);
insert into PP_IMPORT_COLUMN
   (IMPORT_TYPE_ID, COLUMN_NAME, TIME_STAMP, USER_ID, DESCRIPTION, IMPORT_COLUMN_NAME, IS_REQUIRED,
    PROCESSING_ORDER, COLUMN_TYPE, PARENT_TABLE, PARENT_TABLE_PK_COLUMN2, IS_ON_TABLE,
    AUTOCREATE_IMPORT_TYPE_ID, PARENT_TABLE_PK_COLUMN)
values
   (154, 'ext_41', TO_DATE('20-11-2013 16:21:10', 'DD-MM-YYYY HH24:MI:SS'), 'PWRPLANT', 'ext_41',
    null, 0, 1, 'varchar(254)', null, null, 1, null, null);
insert into PP_IMPORT_COLUMN
   (IMPORT_TYPE_ID, COLUMN_NAME, TIME_STAMP, USER_ID, DESCRIPTION, IMPORT_COLUMN_NAME, IS_REQUIRED,
    PROCESSING_ORDER, COLUMN_TYPE, PARENT_TABLE, PARENT_TABLE_PK_COLUMN2, IS_ON_TABLE,
    AUTOCREATE_IMPORT_TYPE_ID, PARENT_TABLE_PK_COLUMN)
values
   (154, 'ext_42', TO_DATE('20-11-2013 16:21:10', 'DD-MM-YYYY HH24:MI:SS'), 'PWRPLANT', 'ext_42',
    null, 0, 1, 'varchar(254)', null, null, 1, null, null);
insert into PP_IMPORT_COLUMN
   (IMPORT_TYPE_ID, COLUMN_NAME, TIME_STAMP, USER_ID, DESCRIPTION, IMPORT_COLUMN_NAME, IS_REQUIRED,
    PROCESSING_ORDER, COLUMN_TYPE, PARENT_TABLE, PARENT_TABLE_PK_COLUMN2, IS_ON_TABLE,
    AUTOCREATE_IMPORT_TYPE_ID, PARENT_TABLE_PK_COLUMN)
values
   (154, 'ext_43', TO_DATE('20-11-2013 16:21:10', 'DD-MM-YYYY HH24:MI:SS'), 'PWRPLANT', 'ext_43',
    null, 0, 1, 'varchar(254)', null, null, 1, null, null);
insert into PP_IMPORT_COLUMN
   (IMPORT_TYPE_ID, COLUMN_NAME, TIME_STAMP, USER_ID, DESCRIPTION, IMPORT_COLUMN_NAME, IS_REQUIRED,
    PROCESSING_ORDER, COLUMN_TYPE, PARENT_TABLE, PARENT_TABLE_PK_COLUMN2, IS_ON_TABLE,
    AUTOCREATE_IMPORT_TYPE_ID, PARENT_TABLE_PK_COLUMN)
values
   (154, 'ext_44', TO_DATE('20-11-2013 16:21:10', 'DD-MM-YYYY HH24:MI:SS'), 'PWRPLANT', 'ext_44',
    null, 0, 1, 'varchar(254)', null, null, 1, null, null);
insert into PP_IMPORT_COLUMN
   (IMPORT_TYPE_ID, COLUMN_NAME, TIME_STAMP, USER_ID, DESCRIPTION, IMPORT_COLUMN_NAME, IS_REQUIRED,
    PROCESSING_ORDER, COLUMN_TYPE, PARENT_TABLE, PARENT_TABLE_PK_COLUMN2, IS_ON_TABLE,
    AUTOCREATE_IMPORT_TYPE_ID, PARENT_TABLE_PK_COLUMN)
values
   (154, 'ext_45', TO_DATE('20-11-2013 16:21:10', 'DD-MM-YYYY HH24:MI:SS'), 'PWRPLANT', 'ext_45',
    null, 0, 1, 'varchar(254)', null, null, 1, null, null);
insert into PP_IMPORT_COLUMN
   (IMPORT_TYPE_ID, COLUMN_NAME, TIME_STAMP, USER_ID, DESCRIPTION, IMPORT_COLUMN_NAME, IS_REQUIRED,
    PROCESSING_ORDER, COLUMN_TYPE, PARENT_TABLE, PARENT_TABLE_PK_COLUMN2, IS_ON_TABLE,
    AUTOCREATE_IMPORT_TYPE_ID, PARENT_TABLE_PK_COLUMN)
values
   (154, 'ext_46', TO_DATE('20-11-2013 16:21:10', 'DD-MM-YYYY HH24:MI:SS'), 'PWRPLANT', 'ext_46',
    null, 0, 1, 'varchar(254)', null, null, 1, null, null);
insert into PP_IMPORT_COLUMN
   (IMPORT_TYPE_ID, COLUMN_NAME, TIME_STAMP, USER_ID, DESCRIPTION, IMPORT_COLUMN_NAME, IS_REQUIRED,
    PROCESSING_ORDER, COLUMN_TYPE, PARENT_TABLE, PARENT_TABLE_PK_COLUMN2, IS_ON_TABLE,
    AUTOCREATE_IMPORT_TYPE_ID, PARENT_TABLE_PK_COLUMN)
values
   (154, 'ext_47', TO_DATE('20-11-2013 16:21:10', 'DD-MM-YYYY HH24:MI:SS'), 'PWRPLANT', 'ext_47',
    null, 0, 1, 'varchar(254)', null, null, 1, null, null);
insert into PP_IMPORT_COLUMN
   (IMPORT_TYPE_ID, COLUMN_NAME, TIME_STAMP, USER_ID, DESCRIPTION, IMPORT_COLUMN_NAME, IS_REQUIRED,
    PROCESSING_ORDER, COLUMN_TYPE, PARENT_TABLE, PARENT_TABLE_PK_COLUMN2, IS_ON_TABLE,
    AUTOCREATE_IMPORT_TYPE_ID, PARENT_TABLE_PK_COLUMN)
values
   (154, 'ext_48', TO_DATE('20-11-2013 16:21:10', 'DD-MM-YYYY HH24:MI:SS'), 'PWRPLANT', 'ext_48',
    null, 0, 1, 'varchar(254)', null, null, 1, null, null);
insert into PP_IMPORT_COLUMN
   (IMPORT_TYPE_ID, COLUMN_NAME, TIME_STAMP, USER_ID, DESCRIPTION, IMPORT_COLUMN_NAME, IS_REQUIRED,
    PROCESSING_ORDER, COLUMN_TYPE, PARENT_TABLE, PARENT_TABLE_PK_COLUMN2, IS_ON_TABLE,
    AUTOCREATE_IMPORT_TYPE_ID, PARENT_TABLE_PK_COLUMN)
values
   (154, 'ext_49', TO_DATE('20-11-2013 16:21:10', 'DD-MM-YYYY HH24:MI:SS'), 'PWRPLANT', 'ext_49',
    null, 0, 1, 'varchar(254)', null, null, 1, null, null);
insert into PP_IMPORT_COLUMN
   (IMPORT_TYPE_ID, COLUMN_NAME, TIME_STAMP, USER_ID, DESCRIPTION, IMPORT_COLUMN_NAME, IS_REQUIRED,
    PROCESSING_ORDER, COLUMN_TYPE, PARENT_TABLE, PARENT_TABLE_PK_COLUMN2, IS_ON_TABLE,
    AUTOCREATE_IMPORT_TYPE_ID, PARENT_TABLE_PK_COLUMN)
values
   (154, 'ext_31', TO_DATE('20-11-2013 16:21:10', 'DD-MM-YYYY HH24:MI:SS'), 'PWRPLANT', 'ext_31',
    null, 0, 1, 'varchar(254)', null, null, 1, null, null);
insert into PP_IMPORT_COLUMN
   (IMPORT_TYPE_ID, COLUMN_NAME, TIME_STAMP, USER_ID, DESCRIPTION, IMPORT_COLUMN_NAME, IS_REQUIRED,
    PROCESSING_ORDER, COLUMN_TYPE, PARENT_TABLE, PARENT_TABLE_PK_COLUMN2, IS_ON_TABLE,
    AUTOCREATE_IMPORT_TYPE_ID, PARENT_TABLE_PK_COLUMN)
values
   (154, 'ext_32', TO_DATE('20-11-2013 16:21:10', 'DD-MM-YYYY HH24:MI:SS'), 'PWRPLANT', 'ext_32',
    null, 0, 1, 'varchar(254)', null, null, 1, null, null);
insert into PP_IMPORT_COLUMN
   (IMPORT_TYPE_ID, COLUMN_NAME, TIME_STAMP, USER_ID, DESCRIPTION, IMPORT_COLUMN_NAME, IS_REQUIRED,
    PROCESSING_ORDER, COLUMN_TYPE, PARENT_TABLE, PARENT_TABLE_PK_COLUMN2, IS_ON_TABLE,
    AUTOCREATE_IMPORT_TYPE_ID, PARENT_TABLE_PK_COLUMN)
values
   (154, 'ext_33', TO_DATE('20-11-2013 16:21:10', 'DD-MM-YYYY HH24:MI:SS'), 'PWRPLANT', 'ext_33',
    null, 0, 1, 'varchar(254)', null, null, 1, null, null);
insert into PP_IMPORT_COLUMN
   (IMPORT_TYPE_ID, COLUMN_NAME, TIME_STAMP, USER_ID, DESCRIPTION, IMPORT_COLUMN_NAME, IS_REQUIRED,
    PROCESSING_ORDER, COLUMN_TYPE, PARENT_TABLE, PARENT_TABLE_PK_COLUMN2, IS_ON_TABLE,
    AUTOCREATE_IMPORT_TYPE_ID, PARENT_TABLE_PK_COLUMN)
values
   (154, 'ext_34', TO_DATE('20-11-2013 16:21:10', 'DD-MM-YYYY HH24:MI:SS'), 'PWRPLANT', 'ext_34',
    null, 0, 1, 'varchar(254)', null, null, 1, null, null);
insert into PP_IMPORT_COLUMN
   (IMPORT_TYPE_ID, COLUMN_NAME, TIME_STAMP, USER_ID, DESCRIPTION, IMPORT_COLUMN_NAME, IS_REQUIRED,
    PROCESSING_ORDER, COLUMN_TYPE, PARENT_TABLE, PARENT_TABLE_PK_COLUMN2, IS_ON_TABLE,
    AUTOCREATE_IMPORT_TYPE_ID, PARENT_TABLE_PK_COLUMN)
values
   (154, 'ext_35', TO_DATE('20-11-2013 16:21:10', 'DD-MM-YYYY HH24:MI:SS'), 'PWRPLANT', 'ext_35',
    null, 0, 1, 'varchar(254)', null, null, 1, null, null);
insert into PP_IMPORT_COLUMN
   (IMPORT_TYPE_ID, COLUMN_NAME, TIME_STAMP, USER_ID, DESCRIPTION, IMPORT_COLUMN_NAME, IS_REQUIRED,
    PROCESSING_ORDER, COLUMN_TYPE, PARENT_TABLE, PARENT_TABLE_PK_COLUMN2, IS_ON_TABLE,
    AUTOCREATE_IMPORT_TYPE_ID, PARENT_TABLE_PK_COLUMN)
values
   (154, 'ext_36', TO_DATE('20-11-2013 16:21:10', 'DD-MM-YYYY HH24:MI:SS'), 'PWRPLANT', 'ext_36',
    null, 0, 1, 'varchar(254)', null, null, 1, null, null);
insert into PP_IMPORT_COLUMN
   (IMPORT_TYPE_ID, COLUMN_NAME, TIME_STAMP, USER_ID, DESCRIPTION, IMPORT_COLUMN_NAME, IS_REQUIRED,
    PROCESSING_ORDER, COLUMN_TYPE, PARENT_TABLE, PARENT_TABLE_PK_COLUMN2, IS_ON_TABLE,
    AUTOCREATE_IMPORT_TYPE_ID, PARENT_TABLE_PK_COLUMN)
values
   (154, 'ext_37', TO_DATE('20-11-2013 16:21:10', 'DD-MM-YYYY HH24:MI:SS'), 'PWRPLANT', 'ext_37',
    null, 0, 1, 'varchar(254)', null, null, 1, null, null);
insert into PP_IMPORT_COLUMN
   (IMPORT_TYPE_ID, COLUMN_NAME, TIME_STAMP, USER_ID, DESCRIPTION, IMPORT_COLUMN_NAME, IS_REQUIRED,
    PROCESSING_ORDER, COLUMN_TYPE, PARENT_TABLE, PARENT_TABLE_PK_COLUMN2, IS_ON_TABLE,
    AUTOCREATE_IMPORT_TYPE_ID, PARENT_TABLE_PK_COLUMN)
values
   (154, 'ext_38', TO_DATE('20-11-2013 16:21:10', 'DD-MM-YYYY HH24:MI:SS'), 'PWRPLANT', 'ext_38',
    null, 0, 1, 'varchar(254)', null, null, 1, null, null);
insert into PP_IMPORT_COLUMN
   (IMPORT_TYPE_ID, COLUMN_NAME, TIME_STAMP, USER_ID, DESCRIPTION, IMPORT_COLUMN_NAME, IS_REQUIRED,
    PROCESSING_ORDER, COLUMN_TYPE, PARENT_TABLE, PARENT_TABLE_PK_COLUMN2, IS_ON_TABLE,
    AUTOCREATE_IMPORT_TYPE_ID, PARENT_TABLE_PK_COLUMN)
values
   (154, 'ext_39', TO_DATE('20-11-2013 16:21:10', 'DD-MM-YYYY HH24:MI:SS'), 'PWRPLANT', 'ext_39',
    null, 0, 1, 'varchar(254)', null, null, 1, null, null);
insert into PP_IMPORT_COLUMN
   (IMPORT_TYPE_ID, COLUMN_NAME, TIME_STAMP, USER_ID, DESCRIPTION, IMPORT_COLUMN_NAME, IS_REQUIRED,
    PROCESSING_ORDER, COLUMN_TYPE, PARENT_TABLE, PARENT_TABLE_PK_COLUMN2, IS_ON_TABLE,
    AUTOCREATE_IMPORT_TYPE_ID, PARENT_TABLE_PK_COLUMN)
values
   (154, 'ext_50', TO_DATE('20-11-2013 16:21:10', 'DD-MM-YYYY HH24:MI:SS'), 'PWRPLANT', 'ext_50',
    null, 0, 1, 'varchar(254)', null, null, 1, null, null);
insert into PP_IMPORT_COLUMN
   (IMPORT_TYPE_ID, COLUMN_NAME, TIME_STAMP, USER_ID, DESCRIPTION, IMPORT_COLUMN_NAME, IS_REQUIRED,
    PROCESSING_ORDER, COLUMN_TYPE, PARENT_TABLE, PARENT_TABLE_PK_COLUMN2, IS_ON_TABLE,
    AUTOCREATE_IMPORT_TYPE_ID, PARENT_TABLE_PK_COLUMN)
values
   (154, 'ext_51', TO_DATE('20-11-2013 16:21:10', 'DD-MM-YYYY HH24:MI:SS'), 'PWRPLANT', 'ext_51',
    null, 0, 1, 'varchar(254)', null, null, 1, null, null);
insert into PP_IMPORT_COLUMN
   (IMPORT_TYPE_ID, COLUMN_NAME, TIME_STAMP, USER_ID, DESCRIPTION, IMPORT_COLUMN_NAME, IS_REQUIRED,
    PROCESSING_ORDER, COLUMN_TYPE, PARENT_TABLE, PARENT_TABLE_PK_COLUMN2, IS_ON_TABLE,
    AUTOCREATE_IMPORT_TYPE_ID, PARENT_TABLE_PK_COLUMN)
values
   (154, 'ext_52', TO_DATE('20-11-2013 16:21:10', 'DD-MM-YYYY HH24:MI:SS'), 'PWRPLANT', 'ext_52',
    null, 0, 1, 'varchar(254)', null, null, 1, null, null);
insert into PP_IMPORT_COLUMN
   (IMPORT_TYPE_ID, COLUMN_NAME, TIME_STAMP, USER_ID, DESCRIPTION, IMPORT_COLUMN_NAME, IS_REQUIRED,
    PROCESSING_ORDER, COLUMN_TYPE, PARENT_TABLE, PARENT_TABLE_PK_COLUMN2, IS_ON_TABLE,
    AUTOCREATE_IMPORT_TYPE_ID, PARENT_TABLE_PK_COLUMN)
values
   (154, 'ext_53', TO_DATE('20-11-2013 16:21:10', 'DD-MM-YYYY HH24:MI:SS'), 'PWRPLANT', 'ext_53',
    null, 0, 1, 'varchar(254)', null, null, 1, null, null);
insert into PP_IMPORT_COLUMN
   (IMPORT_TYPE_ID, COLUMN_NAME, TIME_STAMP, USER_ID, DESCRIPTION, IMPORT_COLUMN_NAME, IS_REQUIRED,
    PROCESSING_ORDER, COLUMN_TYPE, PARENT_TABLE, PARENT_TABLE_PK_COLUMN2, IS_ON_TABLE,
    AUTOCREATE_IMPORT_TYPE_ID, PARENT_TABLE_PK_COLUMN)
values
   (154, 'ext_54', TO_DATE('20-11-2013 16:21:10', 'DD-MM-YYYY HH24:MI:SS'), 'PWRPLANT', 'ext_54',
    null, 0, 1, 'varchar(254)', null, null, 1, null, null);
insert into PP_IMPORT_COLUMN
   (IMPORT_TYPE_ID, COLUMN_NAME, TIME_STAMP, USER_ID, DESCRIPTION, IMPORT_COLUMN_NAME, IS_REQUIRED,
    PROCESSING_ORDER, COLUMN_TYPE, PARENT_TABLE, PARENT_TABLE_PK_COLUMN2, IS_ON_TABLE,
    AUTOCREATE_IMPORT_TYPE_ID, PARENT_TABLE_PK_COLUMN)
values
   (154, 'ext_55', TO_DATE('20-11-2013 16:21:10', 'DD-MM-YYYY HH24:MI:SS'), 'PWRPLANT', 'ext_55',
    null, 0, 1, 'varchar(254)', null, null, 1, null, null);
insert into PP_IMPORT_COLUMN
   (IMPORT_TYPE_ID, COLUMN_NAME, TIME_STAMP, USER_ID, DESCRIPTION, IMPORT_COLUMN_NAME, IS_REQUIRED,
    PROCESSING_ORDER, COLUMN_TYPE, PARENT_TABLE, PARENT_TABLE_PK_COLUMN2, IS_ON_TABLE,
    AUTOCREATE_IMPORT_TYPE_ID, PARENT_TABLE_PK_COLUMN)
values
   (154, 'ext_56', TO_DATE('20-11-2013 16:21:10', 'DD-MM-YYYY HH24:MI:SS'), 'PWRPLANT', 'ext_56',
    null, 0, 1, 'varchar(254)', null, null, 1, null, null);
insert into PP_IMPORT_COLUMN
   (IMPORT_TYPE_ID, COLUMN_NAME, TIME_STAMP, USER_ID, DESCRIPTION, IMPORT_COLUMN_NAME, IS_REQUIRED,
    PROCESSING_ORDER, COLUMN_TYPE, PARENT_TABLE, PARENT_TABLE_PK_COLUMN2, IS_ON_TABLE,
    AUTOCREATE_IMPORT_TYPE_ID, PARENT_TABLE_PK_COLUMN)
values
   (154, 'ext_57', TO_DATE('20-11-2013 16:21:10', 'DD-MM-YYYY HH24:MI:SS'), 'PWRPLANT', 'ext_57',
    null, 0, 1, 'varchar(254)', null, null, 1, null, null);
insert into PP_IMPORT_COLUMN
   (IMPORT_TYPE_ID, COLUMN_NAME, TIME_STAMP, USER_ID, DESCRIPTION, IMPORT_COLUMN_NAME, IS_REQUIRED,
    PROCESSING_ORDER, COLUMN_TYPE, PARENT_TABLE, PARENT_TABLE_PK_COLUMN2, IS_ON_TABLE,
    AUTOCREATE_IMPORT_TYPE_ID, PARENT_TABLE_PK_COLUMN)
values
   (154, 'ext_58', TO_DATE('20-11-2013 16:21:10', 'DD-MM-YYYY HH24:MI:SS'), 'PWRPLANT', 'ext_58',
    null, 0, 1, 'varchar(254)', null, null, 1, null, null);
insert into PP_IMPORT_COLUMN
   (IMPORT_TYPE_ID, COLUMN_NAME, TIME_STAMP, USER_ID, DESCRIPTION, IMPORT_COLUMN_NAME, IS_REQUIRED,
    PROCESSING_ORDER, COLUMN_TYPE, PARENT_TABLE, PARENT_TABLE_PK_COLUMN2, IS_ON_TABLE,
    AUTOCREATE_IMPORT_TYPE_ID, PARENT_TABLE_PK_COLUMN)
values
   (154, 'ext_59', TO_DATE('20-11-2013 16:21:10', 'DD-MM-YYYY HH24:MI:SS'), 'PWRPLANT', 'ext_59',
    null, 0, 1, 'varchar(254)', null, null, 1, null, null);
insert into PP_IMPORT_COLUMN
   (IMPORT_TYPE_ID, COLUMN_NAME, TIME_STAMP, USER_ID, DESCRIPTION, IMPORT_COLUMN_NAME, IS_REQUIRED,
    PROCESSING_ORDER, COLUMN_TYPE, PARENT_TABLE, PARENT_TABLE_PK_COLUMN2, IS_ON_TABLE,
    AUTOCREATE_IMPORT_TYPE_ID, PARENT_TABLE_PK_COLUMN)
values
   (154, 'ext_60', TO_DATE('20-11-2013 16:21:10', 'DD-MM-YYYY HH24:MI:SS'), 'PWRPLANT', 'ext_60',
    null, 0, 1, 'varchar(254)', null, null, 1, null, null);

insert into PP_IMPORT_LOOKUP
   (IMPORT_LOOKUP_ID, TIME_STAMP, USER_ID, DESCRIPTION, LONG_DESCRIPTION, COLUMN_NAME, LOOKUP_SQL,
    IS_DERIVED, LOOKUP_TABLE_NAME, LOOKUP_COLUMN_NAME, LOOKUP_CONSTRAINING_COLUMNS,
    LOOKUP_VALUES_ALTERNATE_SQL, DERIVED_AUTOCREATE_YN)
values
   (1501, TO_DATE('22-01-2013 13:38:12', 'DD-MM-YYYY HH24:MI:SS'), 'PWRPLANT',
    'Regulatory Allocator.Description',
    'The passed in value corresponds to the Regulatory Allocator.', 'reg_allocator_id',
    '( select rg.reg_allocator_id from reg_allocator rg where upper( trim( <importfield> ) ) = upper( trim( rg.description ) ) )',
    0, 'reg_allocator', 'description', null, null, null);
insert into PP_IMPORT_LOOKUP
   (IMPORT_LOOKUP_ID, TIME_STAMP, USER_ID, DESCRIPTION, LONG_DESCRIPTION, COLUMN_NAME, LOOKUP_SQL,
    IS_DERIVED, LOOKUP_TABLE_NAME, LOOKUP_COLUMN_NAME, LOOKUP_CONSTRAINING_COLUMNS,
    LOOKUP_VALUES_ALTERNATE_SQL, DERIVED_AUTOCREATE_YN)
values
   (1502, TO_DATE('22-01-2013 13:47:11', 'DD-MM-YYYY HH24:MI:SS'), 'PWRPLANT',
    'Regulatory Allocator Target.Description',
    'The passed in value corresponds to the Regulatory Allocator Target.', 'reg_alloc_target_id',
    '( select rg.reg_alloc_target_id from reg_alloc_target rg where upper( trim( <importfield> ) ) = upper( trim( rg.description ) ) )',
    0, 'reg_alloc_target', 'description', null, null, null);
insert into PP_IMPORT_LOOKUP
   (IMPORT_LOOKUP_ID, TIME_STAMP, USER_ID, DESCRIPTION, LONG_DESCRIPTION, COLUMN_NAME, LOOKUP_SQL,
    IS_DERIVED, LOOKUP_TABLE_NAME, LOOKUP_COLUMN_NAME, LOOKUP_CONSTRAINING_COLUMNS,
    LOOKUP_VALUES_ALTERNATE_SQL, DERIVED_AUTOCREATE_YN)
values
   (1503, TO_DATE('24-01-2013 10:32:51', 'DD-MM-YYYY HH24:MI:SS'), 'PWRPLANT',
    'Regulatory Allocator Target.External Allocation Target',
    'The passed in value corresponds to the Regulatory Allocator Target.', 'reg_alloc_target_id',
    '( select rg.reg_alloc_target_id from reg_alloc_target rg where upper( trim( <importfield> ) ) = upper( trim( rg.ext_alloc_target ) ) )',
    0, 'reg_alloc_target', 'ext_alloc_target', null, null, null);
insert into PP_IMPORT_LOOKUP
   (IMPORT_LOOKUP_ID, TIME_STAMP, USER_ID, DESCRIPTION, LONG_DESCRIPTION, COLUMN_NAME, LOOKUP_SQL,
    IS_DERIVED, LOOKUP_TABLE_NAME, LOOKUP_COLUMN_NAME, LOOKUP_CONSTRAINING_COLUMNS,
    LOOKUP_VALUES_ALTERNATE_SQL, DERIVED_AUTOCREATE_YN)
values
   (1504, TO_DATE('24-01-2013 10:46:16', 'DD-MM-YYYY HH24:MI:SS'), 'PWRPLANT',
    'Regulatory Allocator.Allocator Factor Code',
    'The passed in value corresponds to the Regulatory Allocator.', 'reg_allocator_id',
    '( select rg.reg_allocator_id from reg_allocator rg where upper( trim( <importfield> ) ) = upper( trim( rg.alloc_factor_code ) ) )',
    0, 'reg_allocator', 'alloc_factor_code', null, null, null);
insert into PP_IMPORT_LOOKUP
   (IMPORT_LOOKUP_ID, TIME_STAMP, USER_ID, DESCRIPTION, LONG_DESCRIPTION, COLUMN_NAME, LOOKUP_SQL,
    IS_DERIVED, LOOKUP_TABLE_NAME, LOOKUP_COLUMN_NAME, LOOKUP_CONSTRAINING_COLUMNS,
    LOOKUP_VALUES_ALTERNATE_SQL, DERIVED_AUTOCREATE_YN)
values
   (1505, null, null, 'Regulatory Allocation Category.Description',
    'The passed in value corresponds to the Regulatory Allocation Category.',
    'reg_alloc_category_id',
    '(select c.reg_alloc_category_id from reg_alloc_category c where upper(trim(<importfield>)) = upper(trim(c.description)))',
    0, 'reg_alloc_category', 'description', null, null, null);
insert into PP_IMPORT_LOOKUP
   (IMPORT_LOOKUP_ID, TIME_STAMP, USER_ID, DESCRIPTION, LONG_DESCRIPTION, COLUMN_NAME, LOOKUP_SQL,
    IS_DERIVED, LOOKUP_TABLE_NAME, LOOKUP_COLUMN_NAME, LOOKUP_CONSTRAINING_COLUMNS,
    LOOKUP_VALUES_ALTERNATE_SQL, DERIVED_AUTOCREATE_YN)
values
   (1506, null, null, 'Regulatory Jurisdiction.Description',
    'The passed in value corresponds to the Regulatory Jurisdiction.', 'reg_jurisdiction_id',
    '(select j.reg_jurisdiction_id from reg_jurisdiction j where upper(trim(<importfield>)) = upper(trim(j.description)))',
    0, 'reg_jurisdiction', 'description', null, null, null);
insert into PP_IMPORT_LOOKUP
   (IMPORT_LOOKUP_ID, TIME_STAMP, USER_ID, DESCRIPTION, LONG_DESCRIPTION, COLUMN_NAME, LOOKUP_SQL,
    IS_DERIVED, LOOKUP_TABLE_NAME, LOOKUP_COLUMN_NAME, LOOKUP_CONSTRAINING_COLUMNS,
    LOOKUP_VALUES_ALTERNATE_SQL, DERIVED_AUTOCREATE_YN)
values
   (1511, TO_DATE('16-08-2013 13:28:51', 'DD-MM-YYYY HH24:MI:SS'), 'PWRPLANT',
    'Regulatory Company.Description',
    'The passed in value corresponds to the Regulatory Company: Description field.  Translate to the Regulatory Company ID using the Description column on the Regulatory Company table.',
    'reg_company_id',
    '( select rc.reg_company_id from reg_company rc where upper( trim( <importfield> ) ) = upper( trim( rc.description ) ) )',
    0, 'reg_company', 'description', null, null, null);
insert into PP_IMPORT_LOOKUP
   (IMPORT_LOOKUP_ID, TIME_STAMP, USER_ID, DESCRIPTION, LONG_DESCRIPTION, COLUMN_NAME, LOOKUP_SQL,
    IS_DERIVED, LOOKUP_TABLE_NAME, LOOKUP_COLUMN_NAME, LOOKUP_CONSTRAINING_COLUMNS,
    LOOKUP_VALUES_ALTERNATE_SQL, DERIVED_AUTOCREATE_YN)
values
   (1512, TO_DATE('16-08-2013 13:28:51', 'DD-MM-YYYY HH24:MI:SS'), 'PWRPLANT',
    'Regulatory Account.Description',
    'The passed in value corresponds to the Regulatory Account: Description field.  Translate to the Regulatory Account ID using the Description column on the Regulatory Account table.',
    'reg_acct_id',
    '( select ra.reg_acct_id from reg_acct_master ra where upper( trim( <importfield> ) ) = upper( trim( ra.description ) ) )',
    0, 'reg_acct_master', 'description', null, null, null);
insert into PP_IMPORT_LOOKUP
   (IMPORT_LOOKUP_ID, TIME_STAMP, USER_ID, DESCRIPTION, LONG_DESCRIPTION, COLUMN_NAME, LOOKUP_SQL,
    IS_DERIVED, LOOKUP_TABLE_NAME, LOOKUP_COLUMN_NAME, LOOKUP_CONSTRAINING_COLUMNS,
    LOOKUP_VALUES_ALTERNATE_SQL, DERIVED_AUTOCREATE_YN)
values
   (1513, TO_DATE('16-08-2013 13:28:51', 'DD-MM-YYYY HH24:MI:SS'), 'PWRPLANT',
    'Regulatory Account.Long Description',
    'The passed in value corresponds to the Regulatory Account: Long Description field.  Translate to the Regulatory Account ID using the Long Description column on the Regulatory Account table.',
    'reg_acct_id',
    '( select ra.reg_acct_id from reg_acct_master ra where upper( trim( <importfield> ) ) = upper( trim( ra.long_description ) ) )',
    0, 'reg_acct_master', 'long_description', null, null, null);
insert into PP_IMPORT_LOOKUP
   (IMPORT_LOOKUP_ID, TIME_STAMP, USER_ID, DESCRIPTION, LONG_DESCRIPTION, COLUMN_NAME, LOOKUP_SQL,
    IS_DERIVED, LOOKUP_TABLE_NAME, LOOKUP_COLUMN_NAME, LOOKUP_CONSTRAINING_COLUMNS,
    LOOKUP_VALUES_ALTERNATE_SQL, DERIVED_AUTOCREATE_YN)
values
   (1514, TO_DATE('16-08-2013 13:28:51', 'DD-MM-YYYY HH24:MI:SS'), 'PWRPLANT',
    'Regulatory Historic Version.Long Description',
    'The passed in value corresponds to the Regulatory Historic Version: Long Description field.  Translate to the Historic Version ID using the Long Description column on the Regulatory Historic Version table.',
    'historic_version_id',
    '( select rhv.historic_version_id from reg_historic_version rhv where upper( trim( <importfield> ) ) = upper( trim( rhv.long_description ) ) )',
    0, 'reg_historic_version', 'long_description', null, null, null);
insert into PP_IMPORT_LOOKUP
   (IMPORT_LOOKUP_ID, TIME_STAMP, USER_ID, DESCRIPTION, LONG_DESCRIPTION, COLUMN_NAME, LOOKUP_SQL,
    IS_DERIVED, LOOKUP_TABLE_NAME, LOOKUP_COLUMN_NAME, LOOKUP_CONSTRAINING_COLUMNS,
    LOOKUP_VALUES_ALTERNATE_SQL, DERIVED_AUTOCREATE_YN)
values
   (1515, TO_DATE('19-12-2013 10:37:34', 'DD-MM-YYYY HH24:MI:SS'), 'PWRPLANT',
    'Regulatory Jur Template.Description',
    'The passed in value corresponds to the description of Reg Jur Template', 'reg_jur_template_id',
    '(select j.reg_jur_template_id from reg_jur_template j where upper(trim(<importfield>)) = upper(trim(j.description)))',
    0, 'reg_jur_template', 'description', null, null, null);
insert into PP_IMPORT_LOOKUP
   (IMPORT_LOOKUP_ID, TIME_STAMP, USER_ID, DESCRIPTION, LONG_DESCRIPTION, COLUMN_NAME, LOOKUP_SQL,
    IS_DERIVED, LOOKUP_TABLE_NAME, LOOKUP_COLUMN_NAME, LOOKUP_CONSTRAINING_COLUMNS,
    LOOKUP_VALUES_ALTERNATE_SQL, DERIVED_AUTOCREATE_YN)
values
   (1516, TO_DATE('20-11-2013 10:15:25', 'DD-MM-YYYY HH24:MI:SS'), 'PWRPLANT',
    'Regulatory Case.Description', 'The passed in value corresponds to the description of Reg Case',
    'reg_case_id',
    '(select j.reg_case_id from reg_case j where upper(trim(<importfield>)) = upper(trim(j.long_description)))',
    0, 'reg_case', 'long_description', null, null, null);
insert into PP_IMPORT_LOOKUP
   (IMPORT_LOOKUP_ID, TIME_STAMP, USER_ID, DESCRIPTION, LONG_DESCRIPTION, COLUMN_NAME, LOOKUP_SQL,
    IS_DERIVED, LOOKUP_TABLE_NAME, LOOKUP_COLUMN_NAME, LOOKUP_CONSTRAINING_COLUMNS,
    LOOKUP_VALUES_ALTERNATE_SQL, DERIVED_AUTOCREATE_YN)
values
   (1517, TO_DATE('20-11-2013 10:15:26', 'DD-MM-YYYY HH24:MI:SS'), 'PWRPLANT',
    'Regulatory Case.Case Name', 'The passed in value corresponds to the case name of Reg Case',
    'reg_case_id',
    '(select j.reg_case_id from reg_case j where upper(trim(<importfield>)) = upper(trim(j.case_name)))',
    0, 'reg_case', 'case_name', null, null, null);

insert into PP_IMPORT_COLUMN_LOOKUP
   (IMPORT_TYPE_ID, COLUMN_NAME, IMPORT_LOOKUP_ID, TIME_STAMP, USER_ID)
values
   (151, 'reg_allocator_id', 1501, null, null);
insert into PP_IMPORT_COLUMN_LOOKUP
   (IMPORT_TYPE_ID, COLUMN_NAME, IMPORT_LOOKUP_ID, TIME_STAMP, USER_ID)
values
   (150, 'reg_allocator_id', 1501, TO_DATE('22-01-2013 13:38:25', 'DD-MM-YYYY HH24:MI:SS'),
    'PWRPLANT');
insert into PP_IMPORT_COLUMN_LOOKUP
   (IMPORT_TYPE_ID, COLUMN_NAME, IMPORT_LOOKUP_ID, TIME_STAMP, USER_ID)
values
   (150, 'reg_alloc_target_id', 1502, TO_DATE('22-01-2013 13:47:15', 'DD-MM-YYYY HH24:MI:SS'),
    'PWRPLANT');
insert into PP_IMPORT_COLUMN_LOOKUP
   (IMPORT_TYPE_ID, COLUMN_NAME, IMPORT_LOOKUP_ID, TIME_STAMP, USER_ID)
values
   (151, 'reg_alloc_target_id', 1502, null, null);
insert into PP_IMPORT_COLUMN_LOOKUP
   (IMPORT_TYPE_ID, COLUMN_NAME, IMPORT_LOOKUP_ID, TIME_STAMP, USER_ID)
values
   (150, 'reg_alloc_target_id', 1503, TO_DATE('24-01-2013 10:33:57', 'DD-MM-YYYY HH24:MI:SS'),
    'PWRPLANT');
insert into PP_IMPORT_COLUMN_LOOKUP
   (IMPORT_TYPE_ID, COLUMN_NAME, IMPORT_LOOKUP_ID, TIME_STAMP, USER_ID)
values
   (151, 'reg_alloc_target_id', 1503, null, null);
insert into PP_IMPORT_COLUMN_LOOKUP
   (IMPORT_TYPE_ID, COLUMN_NAME, IMPORT_LOOKUP_ID, TIME_STAMP, USER_ID)
values
   (151, 'reg_allocator_id', 1504, null, null);
insert into PP_IMPORT_COLUMN_LOOKUP
   (IMPORT_TYPE_ID, COLUMN_NAME, IMPORT_LOOKUP_ID, TIME_STAMP, USER_ID)
values
   (150, 'reg_allocator_id', 1504, TO_DATE('24-01-2013 10:46:32', 'DD-MM-YYYY HH24:MI:SS'),
    'PWRPLANT');
insert into PP_IMPORT_COLUMN_LOOKUP
   (IMPORT_TYPE_ID, COLUMN_NAME, IMPORT_LOOKUP_ID, TIME_STAMP, USER_ID)
values
   (150, 'reg_alloc_category_id', 1505, null, null);
insert into PP_IMPORT_COLUMN_LOOKUP
   (IMPORT_TYPE_ID, COLUMN_NAME, IMPORT_LOOKUP_ID, TIME_STAMP, USER_ID)
values
   (151, 'reg_alloc_category_id', 1505, null, null);
insert into PP_IMPORT_COLUMN_LOOKUP
   (IMPORT_TYPE_ID, COLUMN_NAME, IMPORT_LOOKUP_ID, TIME_STAMP, USER_ID)
values
   (151, 'reg_jurisdiction_id', 1506, null, null);
insert into PP_IMPORT_COLUMN_LOOKUP
   (IMPORT_TYPE_ID, COLUMN_NAME, IMPORT_LOOKUP_ID, TIME_STAMP, USER_ID)
values
   (150, 'reg_jurisdiction_id', 1506, null, null);
insert into PP_IMPORT_COLUMN_LOOKUP
   (IMPORT_TYPE_ID, COLUMN_NAME, IMPORT_LOOKUP_ID, TIME_STAMP, USER_ID)
values
   (151, 'reg_jur_template_id', 1515, TO_DATE('20-11-2013 10:27:12', 'DD-MM-YYYY HH24:MI:SS'),
    'PWRPLANT');
insert into PP_IMPORT_COLUMN_LOOKUP
   (IMPORT_TYPE_ID, COLUMN_NAME, IMPORT_LOOKUP_ID, TIME_STAMP, USER_ID)
values
   (150, 'reg_jur_template_id', 1515, TO_DATE('20-11-2013 10:26:54', 'DD-MM-YYYY HH24:MI:SS'),
    'PWRPLANT');
insert into PP_IMPORT_COLUMN_LOOKUP
   (IMPORT_TYPE_ID, COLUMN_NAME, IMPORT_LOOKUP_ID, TIME_STAMP, USER_ID)
values
   (150, 'reg_case_id', 1516, TO_DATE('20-11-2013 10:28:18', 'DD-MM-YYYY HH24:MI:SS'), 'PWRPLANT');
insert into PP_IMPORT_COLUMN_LOOKUP
   (IMPORT_TYPE_ID, COLUMN_NAME, IMPORT_LOOKUP_ID, TIME_STAMP, USER_ID)
values
   (151, 'reg_case_id', 1516, TO_DATE('20-11-2013 10:28:19', 'DD-MM-YYYY HH24:MI:SS'), 'PWRPLANT');
insert into PP_IMPORT_COLUMN_LOOKUP
   (IMPORT_TYPE_ID, COLUMN_NAME, IMPORT_LOOKUP_ID, TIME_STAMP, USER_ID)
values
   (150, 'reg_case_id', 1517, TO_DATE('20-11-2013 10:29:09', 'DD-MM-YYYY HH24:MI:SS'), 'PWRPLANT');
insert into PP_IMPORT_COLUMN_LOOKUP
   (IMPORT_TYPE_ID, COLUMN_NAME, IMPORT_LOOKUP_ID, TIME_STAMP, USER_ID)
values
   (151, 'reg_case_id', 1517, TO_DATE('20-11-2013 10:29:10', 'DD-MM-YYYY HH24:MI:SS'), 'PWRPLANT');

--**************************
-- Log the run of the script
--**************************

insert into PP_SCHEMA_CHANGE_LOG
   (ID, SKIPPED, MAJOR_VERSION, MINOR_VERSION, POINT_VERSION, PATCH_VERSION, MAINT_NUM, SCRIPT_PATH,
    SCRIPT_NAME, SCRIPT_REVISION, DATE_APPLIED, OS_USER, TERMINAL, SERVICE_NAME)
values
   (891, 0, 10, 4, 2, 0, 33713, 'C:\PlasticWks\powerplant\sql\maint_scripts', '10.4.2.0_maint_033713_reg_10_pp_import_inserts.sql', 1,
    SYSTIMESTAMP, SYS_CONTEXT('USERENV', 'OS_USER'), SYS_CONTEXT('USERENV', 'TERMINAL'),
    SYS_CONTEXT('USERENV', 'SERVICE_NAME'));
commit;
