/*
||==========================================================================================
|| Application: PowerPlan
|| Module: 		Security
|| File Name:   maint_044681_websys_security_permissions_dml.sql
||==========================================================================================
|| Copyright (C) 2015 by PowerPlan, Inc. All Rights Reserved.
||==========================================================================================
|| Version    Date       Revised By          Reason for Change
|| ---------- ---------- ------------------- -----------------------------------------------
|| 2015.2     09/04/2015 Ryan Oliveria    	 Updating data for web security
||==========================================================================================
*/
SET DEFINE OFF
SET serveroutput ON size 30000;

declare
	doesTableExist number := 0;
begin
	doesTableExist := PWRPLANT.SYS_DOES_TABLE_EXIST('PP_WEB_SECURITY_PERM_CONTROL','PWRPLANT');

	if doesTableExist = 1 then
        begin
			dbms_output.put_line('Deleting from table PP_WEB_SECURITY_PERM_CONTROL');

			EXECUTE IMMEDIATE 'DELETE FROM PP_WEB_SECURITY_PERM_CONTROL';
		end;
	end if;
end;

/

ALTER TABLE PP_WEB_CONFIGURATION DROP CONSTRAINT R_PP_WEB_CONFIGURATION1;

DELETE FROM PWRPLANT.PP_WEB_AUTHENTICATION;
DELETE FROM PWRPLANT.PP_WEB_MODULE_COMPONENTS;
DELETE FROM PWRPLANT.PP_WEB_COMPONENT;
DELETE FROM PWRPLANT.PP_WEB_MODULES;
DELETE FROM PWRPLANT.PP_WEB_CONFIGURATION WHERE MODULE_ID = 1;

INSERT INTO PWRPLANT.PP_WEB_MODULES (MODULE_ID, MODULE_NAME, CLASSIFICATION, LICENSABLE, DESCRIPTION) values (0, 'ApplicationSvc', 'WEB', 0, 'Application Service');
INSERT INTO PWRPLANT.PP_WEB_MODULES (MODULE_ID, MODULE_NAME, CLASSIFICATION, LICENSABLE, DESCRIPTION) values (1, 'System', 'WEB', 0, 'System');
INSERT INTO PWRPLANT.PP_WEB_MODULES (MODULE_ID, MODULE_NAME, CLASSIFICATION, LICENSABLE, DESCRIPTION) values (2, 'MobileApprovals', 'WEB', 1, 'Mobile Approvals');
INSERT INTO PWRPLANT.PP_WEB_MODULES (MODULE_ID, MODULE_NAME, CLASSIFICATION, LICENSABLE, DESCRIPTION) values (3, 'Analytics', 'WEB', 1, 'Analytics');
INSERT INTO PWRPLANT.PP_WEB_MODULES (MODULE_ID, MODULE_NAME, CLASSIFICATION, LICENSABLE, DESCRIPTION) values (4, 'Projects', 'WEB', 1, 'Projects');
INSERT INTO PWRPLANT.PP_WEB_MODULES (MODULE_ID, MODULE_NAME, CLASSIFICATION, LICENSABLE, DESCRIPTION) values (5, 'PowerPlan', 'WEB', 1, 'PowerPlan');
INSERT INTO PWRPLANT.PP_WEB_MODULES (MODULE_ID, MODULE_NAME, CLASSIFICATION, LICENSABLE, DESCRIPTION) values (6, 'Charting', 'WEB', 1, 'Charting');
INSERT INTO PWRPLANT.PP_WEB_MODULES (MODULE_ID, MODULE_NAME, CLASSIFICATION, LICENSABLE, DESCRIPTION) values (7, 'License', 'WEB', 0, 'License Service');
INSERT INTO PWRPLANT.PP_WEB_MODULES (MODULE_ID, MODULE_NAME, CLASSIFICATION, LICENSABLE, DESCRIPTION) values (8, 'PCMAnalytics', 'WEB', 1, 'PCM Analytics');
INSERT INTO PWRPLANT.PP_WEB_MODULES (MODULE_ID, MODULE_NAME, CLASSIFICATION, LICENSABLE, DESCRIPTION) values (9, 'IntegrationManager', 'WEB', 1, 'Integration Manager');

INSERT INTO PWRPLANT.PP_WEB_COMPONENT (COMPONENT_ID, DESCRIPTION, LONG_DESCRIPTION) values (-1, 'NONE', 'No sub-components of a module.');
INSERT INTO PWRPLANT.PP_WEB_COMPONENT (COMPONENT_ID, DESCRIPTION, LONG_DESCRIPTION) values (1, 'Projects', 'The PowerPlan Projects system component.');
INSERT INTO PWRPLANT.PP_WEB_COMPONENT (COMPONENT_ID, DESCRIPTION, LONG_DESCRIPTION) values (2, 'Property Tax', 'The PowerPlan Property Tax system component.');
INSERT INTO PWRPLANT.PP_WEB_COMPONENT (COMPONENT_ID, DESCRIPTION, LONG_DESCRIPTION) values (3, 'Lease', 'The PowerPlan Lease system component.');
INSERT INTO PWRPLANT.PP_WEB_COMPONENT (COMPONENT_ID, DESCRIPTION, LONG_DESCRIPTION) values (4, 'Asset', 'The PowerPlan Asset system component.');
INSERT INTO PWRPLANT.PP_WEB_COMPONENT (COMPONENT_ID, DESCRIPTION, LONG_DESCRIPTION) values (5, 'Regulatory', 'The PowerPlan Regulatory system component.');
INSERT INTO PWRPLANT.PP_WEB_COMPONENT (COMPONENT_ID, DESCRIPTION, LONG_DESCRIPTION) values (6, 'MonthEndAutomation', 'The Month End Automation component.');
INSERT INTO PWRPLANT.PP_WEB_COMPONENT (COMPONENT_ID, DESCRIPTION, LONG_DESCRIPTION) values (7, 'Job Flows', 'The Job Flows component.');

INSERT INTO PWRPLANT.PP_WEB_MODULE_COMPONENTS (COMPONENT_ID, MODULE_ID) values (-1, 2);
INSERT INTO PWRPLANT.PP_WEB_MODULE_COMPONENTS (COMPONENT_ID, MODULE_ID) values (-1, 3);
INSERT INTO PWRPLANT.PP_WEB_MODULE_COMPONENTS (COMPONENT_ID, MODULE_ID) values (-1, 6);
INSERT INTO PWRPLANT.PP_WEB_MODULE_COMPONENTS (COMPONENT_ID, MODULE_ID) values (-1, 8);
INSERT INTO PWRPLANT.PP_WEB_MODULE_COMPONENTS (COMPONENT_ID, MODULE_ID) values (1, 2);
INSERT INTO PWRPLANT.PP_WEB_MODULE_COMPONENTS (COMPONENT_ID, MODULE_ID) values (2, 2);
INSERT INTO PWRPLANT.PP_WEB_MODULE_COMPONENTS (COMPONENT_ID, MODULE_ID) values (3, 2);
INSERT INTO PWRPLANT.PP_WEB_MODULE_COMPONENTS (COMPONENT_ID, MODULE_ID) values (4, 3);
INSERT INTO PWRPLANT.PP_WEB_MODULE_COMPONENTS (COMPONENT_ID, MODULE_ID) values (5, 6);
INSERT INTO PWRPLANT.PP_WEB_MODULE_COMPONENTS (COMPONENT_ID, MODULE_ID) values (6, 9);
INSERT INTO PWRPLANT.PP_WEB_MODULE_COMPONENTS (COMPONENT_ID, MODULE_ID) values (7, 9);

INSERT INTO PWRPLANT.PP_WEB_AUTHENTICATION ("AUTHENTICATION_NAME", "AUTHENTICATION_TYPE", "IS_ACTIVE", "MAX_FAILED_ATTEMPTS", "EXPIRE_LOCKOUT_MINUTES", "MUST_CHANGE_PASSWORD_DAYS", "PASSWORD_TYPE", "PASSWORD_ALLOWED_CHARACTERS", "PASSWORD_CONTAINS_CHARACTERS", "PASSWORD_MINIMUM_LENGTH", "PASSWORD_MAXIMUM_LENGTH", "PASSWORD_REUSE_COUNT", "INTERFACE_DOT_NET_TYPE", "MODULE_ID") VALUES ('EMAIL-PIN', 'TABLE', 1, 5, 60, 0, 'TEXT', '0123456789', 'N:4', 4, 4, 0, '', 2);
INSERT INTO PWRPLANT.PP_WEB_AUTHENTICATION ("AUTHENTICATION_NAME", "AUTHENTICATION_TYPE", "IS_ACTIVE", "MAX_FAILED_ATTEMPTS", "EXPIRE_LOCKOUT_MINUTES", "MUST_CHANGE_PASSWORD_DAYS", "PASSWORD_TYPE", "PASSWORD_ALLOWED_CHARACTERS", "PASSWORD_CONTAINS_CHARACTERS", "PASSWORD_MINIMUM_LENGTH", "PASSWORD_MAXIMUM_LENGTH", "PASSWORD_REUSE_COUNT", "INTERFACE_DOT_NET_TYPE", "MODULE_ID") VALUES ('DIRECT-DB', 'DATABASE', 1, 5, 60, 0, 'TEXT', ' ', ' ', 0, 0, 0, '', 2);


--PCM Analytics Permissions
DELETE FROM PWRPLANT.PP_WEB_SECURITY_PERM_CONTROL
 WHERE MODULE_ID = 8;

INSERT INTO PWRPLANT.PP_WEB_SECURITY_PERM_CONTROL (OBJECTS, MODULE_ID, COMPONENT_ID, PSEUDO_COMPONENT, SECTION, NAME) VALUES ('PCMAnalytics.Homepage.Config', 8, null, 'All', 'Analytics Homepage', 'Config');
INSERT INTO PWRPLANT.PP_WEB_SECURITY_PERM_CONTROL (OBJECTS, MODULE_ID, COMPONENT_ID, PSEUDO_COMPONENT, SECTION, NAME) VALUES ('PCMAnalytics.Case.Action', 8, null, 'All', 'Case Management', 'Action (Assign)');
INSERT INTO PWRPLANT.PP_WEB_SECURITY_PERM_CONTROL (OBJECTS, MODULE_ID, COMPONENT_ID, PSEUDO_COMPONENT, SECTION, NAME) VALUES ('PCMAnalytics.Case.Edit', 8, null, 'All', 'Case Management', 'Edit');
INSERT INTO PWRPLANT.PP_WEB_SECURITY_PERM_CONTROL (OBJECTS, MODULE_ID, COMPONENT_ID, PSEUDO_COMPONENT, SECTION, NAME) VALUES ('PCMAnalytics.Case.Export', 8, null, 'All', 'Case Management', 'Export');
INSERT INTO PWRPLANT.PP_WEB_SECURITY_PERM_CONTROL (OBJECTS, MODULE_ID, COMPONENT_ID, PSEUDO_COMPONENT, SECTION, NAME) VALUES ('PCMAnalytics.Case.NameDrill', 8, null, 'All', 'Case Management', 'Case Name - Drill Hyperlink');
INSERT INTO PWRPLANT.PP_WEB_SECURITY_PERM_CONTROL (OBJECTS, MODULE_ID, COMPONENT_ID, PSEUDO_COMPONENT, SECTION, NAME) VALUES ('PCMAnalytics.Case.ShowChart', 8, null, 'All', 'Case Management', 'Show Chart');
INSERT INTO PWRPLANT.PP_WEB_SECURITY_PERM_CONTROL (OBJECTS, MODULE_ID, COMPONENT_ID, PSEUDO_COMPONENT, SECTION, NAME) VALUES ('PCMAnalytics.Case.ShowComments', 8, null, 'All', 'Case Management', 'Show Comments');
INSERT INTO PWRPLANT.PP_WEB_SECURITY_PERM_CONTROL (OBJECTS, MODULE_ID, COMPONENT_ID, PSEUDO_COMPONENT, SECTION, NAME) VALUES ('PCMAnalytics.Case.Inactivate', 8, null, 'All', 'Case Management', 'Inactivate');
INSERT INTO PWRPLANT.PP_WEB_SECURITY_PERM_CONTROL (OBJECTS, MODULE_ID, COMPONENT_ID, PSEUDO_COMPONENT, SECTION, NAME) VALUES ('PCMAnalytics.Dashboard.ActualsLTD', 8, null, 'All', 'Dashboards', 'Actuals - LTD');
INSERT INTO PWRPLANT.PP_WEB_SECURITY_PERM_CONTROL (OBJECTS, MODULE_ID, COMPONENT_ID, PSEUDO_COMPONENT, SECTION, NAME) VALUES ('PCMAnalytics.Dashboard.ActualsYTD', 8, null, 'All', 'Dashboards', 'Actuals - YTD');
INSERT INTO PWRPLANT.PP_WEB_SECURITY_PERM_CONTROL (OBJECTS, MODULE_ID, COMPONENT_ID, PSEUDO_COMPONENT, SECTION, NAME) VALUES ('PCMAnalytics.Dashboard.ActualsYTDYOY', 8, null, 'All', 'Dashboards', 'Actuals - YTD - YOY');
INSERT INTO PWRPLANT.PP_WEB_SECURITY_PERM_CONTROL (OBJECTS, MODULE_ID, COMPONENT_ID, PSEUDO_COMPONENT, SECTION, NAME) VALUES ('PCMAnalytics.Dashboard.BudgetCY', 8, null, 'All', 'Dashboards', 'Budget - Current Year');
INSERT INTO PWRPLANT.PP_WEB_SECURITY_PERM_CONTROL (OBJECTS, MODULE_ID, COMPONENT_ID, PSEUDO_COMPONENT, SECTION, NAME) VALUES ('PCMAnalytics.Dashboard.BudgetTotal', 8, null, 'All', 'Dashboards', 'Budget - Total');
INSERT INTO PWRPLANT.PP_WEB_SECURITY_PERM_CONTROL (OBJECTS, MODULE_ID, COMPONENT_ID, PSEUDO_COMPONENT, SECTION, NAME) VALUES ('PCMAnalytics.Dashboard.BudgetTotalByYear', 8, null, 'All', 'Dashboards', 'Budget - Total by Year');
INSERT INTO PWRPLANT.PP_WEB_SECURITY_PERM_CONTROL (OBJECTS, MODULE_ID, COMPONENT_ID, PSEUDO_COMPONENT, SECTION, NAME) VALUES ('PCMAnalytics.Dashboard.BudgetByStatus', 8, null, 'All', 'Dashboards', 'Budget by Status');
INSERT INTO PWRPLANT.PP_WEB_SECURITY_PERM_CONTROL (OBJECTS, MODULE_ID, COMPONENT_ID, PSEUDO_COMPONENT, SECTION, NAME) VALUES ('PCMAnalytics.Dashboard.RevisedBudgCY', 8, null, 'All', 'Dashboards', 'Revised Budget - Current Year');
INSERT INTO PWRPLANT.PP_WEB_SECURITY_PERM_CONTROL (OBJECTS, MODULE_ID, COMPONENT_ID, PSEUDO_COMPONENT, SECTION, NAME) VALUES ('PCMAnalytics.Dashboard.RevisedBudgTotal', 8, null, 'All', 'Dashboards', 'Revised Budget - Total');
INSERT INTO PWRPLANT.PP_WEB_SECURITY_PERM_CONTROL (OBJECTS, MODULE_ID, COMPONENT_ID, PSEUDO_COMPONENT, SECTION, NAME) VALUES ('PCMAnalytics.Dashboard.WorkingFcstCY', 8, null, 'All', 'Dashboards', 'Working Forecast - Current Year');
INSERT INTO PWRPLANT.PP_WEB_SECURITY_PERM_CONTROL (OBJECTS, MODULE_ID, COMPONENT_ID, PSEUDO_COMPONENT, SECTION, NAME) VALUES ('PCMAnalytics.Dashboard.WorkingFcstTotal', 8, null, 'All', 'Dashboards', 'Working Forecast - Total');
INSERT INTO PWRPLANT.PP_WEB_SECURITY_PERM_CONTROL (OBJECTS, MODULE_ID, COMPONENT_ID, PSEUDO_COMPONENT, SECTION, NAME) VALUES ('PCMAnalytics.Dashboard.BudgVsActCYByMo', 8, null, 'All', 'Dashboards', 'Budget vs. Actuals - Current year by Month');
INSERT INTO PWRPLANT.PP_WEB_SECURITY_PERM_CONTROL (OBJECTS, MODULE_ID, COMPONENT_ID, PSEUDO_COMPONENT, SECTION, NAME) VALUES ('PCMAnalytics.Dashboard.BudgVsActVsWorkingCYByMo', 8, null, 'All', 'Dashboards', 'Budget vs. Actuals vs. Working - CY by Month');
INSERT INTO PWRPLANT.PP_WEB_SECURITY_PERM_CONTROL (OBJECTS, MODULE_ID, COMPONENT_ID, PSEUDO_COMPONENT, SECTION, NAME) VALUES ('PCMAnalytics.Dashboard.BudgByExpTypeCYbyMO', 8, null, 'All', 'Dashboards', 'Budget by Exp Type - CY by Month');
INSERT INTO PWRPLANT.PP_WEB_SECURITY_PERM_CONTROL (OBJECTS, MODULE_ID, COMPONENT_ID, PSEUDO_COMPONENT, SECTION, NAME) VALUES ('PCMAnalytics.ExpDashboardBtns.CreateCase', 8, null, 'All', 'Exploration Dashboard Buttons', 'Create Case');
INSERT INTO PWRPLANT.PP_WEB_SECURITY_PERM_CONTROL (OBJECTS, MODULE_ID, COMPONENT_ID, PSEUDO_COMPONENT, SECTION, NAME) VALUES ('PCMAnalytics.ExpDashboardBtns.SQL', 8, null, 'All', 'Exploration Dashboard Buttons', 'SQL');
INSERT INTO PWRPLANT.PP_WEB_SECURITY_PERM_CONTROL (OBJECTS, MODULE_ID, COMPONENT_ID, PSEUDO_COMPONENT, SECTION, NAME) VALUES ('PCMAnalytics.ExpDashboardBtns.ExportChart', 8, null, 'All', 'Exploration Dashboard Buttons', 'Export Chart');
INSERT INTO PWRPLANT.PP_WEB_SECURITY_PERM_CONTROL (OBJECTS, MODULE_ID, COMPONENT_ID, PSEUDO_COMPONENT, SECTION, NAME) VALUES ('PCMAnalytics.ExpDashboardBtns.Details', 8, null, 'All', 'Exploration Dashboard Buttons', 'Details');
INSERT INTO PWRPLANT.PP_WEB_SECURITY_PERM_CONTROL (OBJECTS, MODULE_ID, COMPONENT_ID, PSEUDO_COMPONENT, SECTION, NAME) VALUES ('PCMAnalytics.ExpDashboardBtns.SaveAsTemplate', 8, null, 'All', 'Exploration Dashboard Buttons', 'Save as Template');
INSERT INTO PWRPLANT.PP_WEB_SECURITY_PERM_CONTROL (OBJECTS, MODULE_ID, COMPONENT_ID, PSEUDO_COMPONENT, SECTION, NAME) VALUES ('PCMAnalytics.ExpDashboardBtns.PopoutFilter', 8, null, 'All', 'Exploration Dashboard Buttons', 'Popout Filter');
INSERT INTO PWRPLANT.PP_WEB_SECURITY_PERM_CONTROL (OBJECTS, MODULE_ID, COMPONENT_ID, PSEUDO_COMPONENT, SECTION, NAME) VALUES ('PCMAnalytics.ExpDashboardBtns.UpdateChartAndPivotOptions', 8, null, 'All', 'Exploration Dashboard Buttons', 'Update Chart & Pivot Options');
INSERT INTO PWRPLANT.PP_WEB_SECURITY_PERM_CONTROL (OBJECTS, MODULE_ID, COMPONENT_ID, PSEUDO_COMPONENT, SECTION, NAME) VALUES ('PCMAnalytics.ExpDashboardBtns.Back', 8, null, 'All', 'Exploration Dashboard Buttons', 'Back');

ALTER TABLE pp_web_configuration
  ADD CONSTRAINT r_pp_web_configuration1 FOREIGN KEY (
    module_id
  ) REFERENCES pp_web_modules (
    module_id
  );

--****************************************************
--Log the run of the script to local PP_SCHEMA_LOG
--****************************************************
INSERT INTO PP_SCHEMA_CHANGE_LOG
	(ID, SKIPPED, MAJOR_VERSION, MINOR_VERSION, POINT_VERSION, PATCH_VERSION, MAINT_NUM, SCRIPT_PATH,
	SCRIPT_NAME, SCRIPT_REVISION, DATE_APPLIED, OS_USER, TERMINAL, SERVICE_NAME)
VALUES
	(2850, 0, 2015, 2, 0, 0, 044681, 'C:\PlasticWks\powerplant\sql\maint_scripts', '2015.2.0.0_maint_044681_websys_security_permissions_dml.sql', 1,
	SYSTIMESTAMP, SYS_CONTEXT('USERENV', 'OS_USER'), SYS_CONTEXT('USERENV', 'TERMINAL'),
	SYS_CONTEXT('USERENV', 'SERVICE_NAME'));
COMMIT;

SET DEFINE ON